ImageNumber,ObjectNumber,AreaShape_Area,AreaShape_BoundingBoxArea,AreaShape_BoundingBoxMaximum_X,AreaShape_BoundingBoxMaximum_Y,AreaShape_BoundingBoxMinimum_X,AreaShape_BoundingBoxMinimum_Y,AreaShape_Center_X,AreaShape_Center_Y,AreaShape_Compactness,AreaShape_ConvexArea,AreaShape_Eccentricity,AreaShape_EquivalentDiameter,AreaShape_EulerNumber,AreaShape_Extent,AreaShape_FormFactor,AreaShape_MajorAxisLength,AreaShape_MaxFeretDiameter,AreaShape_MaximumRadius,AreaShape_MeanRadius,AreaShape_MedianRadius,AreaShape_MinFeretDiameter,AreaShape_MinorAxisLength,AreaShape_Orientation,AreaShape_Perimeter,AreaShape_Solidity,Intensity_IntegratedIntensityEdge_RFP,Intensity_IntegratedIntensityEdge_YFP,Intensity_IntegratedIntensity_RFP,Intensity_IntegratedIntensity_YFP,Intensity_LowerQuartileIntensity_RFP,Intensity_LowerQuartileIntensity_YFP,Intensity_MADIntensity_RFP,Intensity_MADIntensity_YFP,Intensity_MassDisplacement_RFP,Intensity_MassDisplacement_YFP,Intensity_MaxIntensityEdge_RFP,Intensity_MaxIntensityEdge_YFP,Intensity_MaxIntensity_RFP,Intensity_MaxIntensity_YFP,Intensity_MeanIntensityEdge_RFP,Intensity_MeanIntensityEdge_YFP,Intensity_MeanIntensity_RFP,Intensity_MeanIntensity_YFP,Intensity_MedianIntensity_RFP,Intensity_MedianIntensity_YFP,Intensity_MinIntensityEdge_RFP,Intensity_MinIntensityEdge_YFP,Intensity_MinIntensity_RFP,Intensity_MinIntensity_YFP,Intensity_StdIntensityEdge_RFP,Intensity_StdIntensityEdge_YFP,Intensity_StdIntensity_RFP,Intensity_StdIntensity_YFP,Intensity_UpperQuartileIntensity_RFP,Intensity_UpperQuartileIntensity_YFP,Location_CenterMassIntensity_X_RFP,Location_CenterMassIntensity_X_YFP,Location_CenterMassIntensity_Y_RFP,Location_CenterMassIntensity_Y_YFP,Location_CenterMassIntensity_Z_RFP,Location_CenterMassIntensity_Z_YFP,Location_Center_X,Location_Center_Y,Location_Center_Z,Location_MaxIntensity_X_RFP,Location_MaxIntensity_X_YFP,Location_MaxIntensity_Y_RFP,Location_MaxIntensity_Y_YFP,Location_MaxIntensity_Z_RFP,Location_MaxIntensity_Z_YFP,Neighbors_AngleBetweenNeighbors_3,Neighbors_FirstClosestDistance_3,Neighbors_FirstClosestObjectNumber_3,Neighbors_NumberOfNeighbors_3,Neighbors_PercentTouching_3,Neighbors_SecondClosestDistance_3,Neighbors_SecondClosestObjectNumber_3,Number_Object_Number,TrackObjects_Displacement_50,TrackObjects_DistanceTraveled_50,TrackObjects_FinalAge_50,TrackObjects_IntegratedDistance_50,TrackObjects_Label_50,TrackObjects_Lifetime_50,TrackObjects_Linearity_50,TrackObjects_ParentImageNumber_50,TrackObjects_ParentObjectNumber_50,TrackObjects_TrajectoryX_50,TrackObjects_TrajectoryY_50
1,1,266,936,543,27,504,3,521.9586466165414,16.045112781954888,3.0236105956286967,358,0.984229816886448,18.403307281560924,1,0.2841880341880342,0.3307304192695061,49.52704536107932,42.941821107167776,4.0,1.9515485213108592,2.0,8.876546175995776,8.761062404591081,62.325616135907374,100.53300858899105,0.7430167597765364,0.8666667258366942,17.786073252558708,2.7358335126191378,67.78806962072849,0.010000000707805157,0.1938301920890808,0.0008333334699273109,0.05594354867935181,0.10523822686255267,1.0940539089341041,0.011666666716337204,0.3434666693210602,0.012500000186264515,0.3633274435997009,0.01019607912749052,0.20924792061833775,0.010285088393305029,0.2548423669952199,0.010000000707805157,0.2741066813468933,0.009166667237877846,0.07299882173538208,0.008333333767950535,0.07299882173538208,0.0007076503163901592,0.08203394207667532,0.0007507104719637721,0.07502916843074861,0.010833334177732468,0.3227725625038147,521.879074028578,521.2263062159387,15.976241252002525,15.232320377155766,0.0,0.0,521.9586466165414,16.045112781954888,0,508.0,515.0,9.0,11.0,0.0,0.0,3.548049888510387,131.0525497313755,2,0.0,0.0,163.75596041480986,3,1,0.0,0.0,1.0,0.0,nan,1,nan,0.0,0,0.0,0.0
1,2,217,651,617,131,586,110,601.4884792626729,120.2073732718894,2.317592454701222,244,0.9821173418569927,16.622063085174787,1,0.3333333333333333,0.4314822470065892,38.92153365872527,34.9857113690718,3.605551275463989,1.9318155670837707,2.0,6.963493656379607,7.327750311870312,58.580607149182484,79.49747468305833,0.889344262295082,0.6933333752676845,10.559245631098747,2.2875001430511475,41.04564084857702,0.010000000707805157,0.1541850008070469,0.0008333325386047363,0.027971774339675903,0.0655693942503667,0.6256656720994995,0.012500000186264515,0.23438510298728943,0.012500000186264515,0.2587180435657501,0.01066666731181053,0.16244993278613457,0.010541475313599757,0.18915041865703697,0.010833334177732468,0.20194117724895477,0.009166667237877846,0.09649842977523804,0.009166667237877846,0.09649842977523804,0.0008033049965309269,0.049871115284862606,0.00075766782908434,0.043941013506977225,0.010833334177732468,0.22544078528881073,601.5435336896277,602.1139215035411,120.2429872513783,120.19065392437012,0.0,0.0,601.4884792626729,120.2073732718894,0,600.0,611.0,122.0,124.0,0.0,0.0,162.62598686506735,33.93791983837427,3,1.0,3.0,131.0525497313755,1,2,0.0,0.0,1.0,0.0,nan,1,nan,0.0,0,0.0,0.0
1,3,191,493,644,149,615,132,629.1989528795812,139.80104712041884,2.100983404690091,212,0.9761321758868011,15.594510349620345,1,0.38742393509127787,0.475967586306331,33.764193584180035,30.528675044947494,3.605551275463989,1.9345174310050572,2.0,6.573840933228048,7.332816054399295,61.08990076926695,71.01219330881975,0.9009433962264151,0.620000041089952,10.249278530478477,1.9933334616944194,39.54911007732153,0.010000000707805157,0.16138628125190735,0.0008333334699273109,0.0369160920381546,0.03291580393752495,0.8410921246207764,0.012500000186264515,0.27494001388549805,0.012500000186264515,0.2830509841442108,0.010508475272711051,0.17371658526234707,0.010436300846567641,0.20706340354618602,0.010000000707805157,0.22544078528881073,0.009166667237877846,0.0766376480460167,0.008333333767950535,0.0766376480460167,0.0006690801115064254,0.06663747892195916,0.0007226794994732251,0.0568355538005588,0.010833334177732468,0.2542458772659302,629.1739130397608,628.7133251748827,139.77968227615017,139.11431449812076,0.0,0.0,629.1989528795812,139.80104712041884,0,632.0,623.0,144.0,134.0,0.0,0.0,158.63816171159323,33.93791983837427,2,1.0,2.2988505747126435,159.01667611266726,6,3,0.0,0.0,1.0,0.0,nan,1,nan,0.0,0,0.0,0.0
1,4,161,400,917,208,897,188,906.7267080745341,197.14906832298138,1.6872623567535472,171,0.9624776033178728,14.317526556719258,1,0.4025,0.5926760565701797,28.01731101218688,24.839484696748443,3.605551275463989,1.9686522297190225,2.0,6.363961030678928,7.602809188042973,44.99824910865026,58.426406871192846,0.9415204678362573,8.862036004662514,1.8536364696919918,34.97097824513912,6.715779650956392,0.23411059379577637,0.039721567183732986,0.0,0.0036388225853443146,0.57755623933246,0.27520565565372884,0.23411059379577637,0.048665884882211685,0.23411059379577637,0.052304707467556,0.19265295662309811,0.04029644499330417,0.2172110450008641,0.04171291708668567,0.23411059379577637,0.04055490344762802,0.062277652323246,0.03244392201304436,0.062277652323246,0.03244392201304436,0.055094021914805585,0.004217076400126469,0.03932697631167521,0.0038319892571538686,0.23411059379577637,0.044193726032972336,906.4264495193249,906.5983571708452,196.65569624268545,196.9056259305637,0.0,0.0,906.7267080745341,197.14906832298138,0,909.0,903.0,196.0,192.0,0.0,0.0,5.191865767394483,128.6033823467674,10,0.0,0.0,153.23903366700193,12,4,0.0,0.0,1.0,0.0,nan,1,nan,0.0,0,0.0,0.0
1,5,69,98,229,202,215,195,221.36231884057972,197.7536231884058,1.2353155541433674,75,0.9069827775121789,9.373021315815206,1,0.7040816326530612,0.8095097618142212,14.453864112567384,13.601470508735444,3.0,1.6768214364124732,1.4142135623730951,5.578319375835658,6.08750087210019,75.10018221436256,32.72792206135785,0.92,5.923014357686043,1.149342343211174,15.084244012832642,2.75289960578084,0.2141105979681015,0.039721567183732986,0.0,0.0008333362638950348,0.1792256883974562,0.04533013104304218,0.23411059379577637,0.04783254861831665,0.23411059379577637,0.04783254861831665,0.20424187440296698,0.03963249459348876,0.21861223207003827,0.0398970957359542,0.23411059379577637,0.039721567183732986,0.13569413125514984,0.03244392201304436,0.13569413125514984,0.03244392201304436,0.03224128926837168,0.0028136904167850533,0.026528810610526785,0.002558001259715476,0.23411059379577637,0.04055490344762802,221.23032811225534,221.33927306321038,197.6323784152486,197.714588422801,0.0,0.0,221.36231884057972,197.7536231884058,0,226.0,221.0,197.0,195.0,0.0,0.0,1.5751546963854022,312.77430622988356,18,0.0,0.0,330.71828644690856,19,5,0.0,0.0,1.0,0.0,nan,1,nan,0.0,0,0.0,0.0
1,6,148,338,724,287,711,261,716.6756756756756,272.5945945945946,2.008127763606437,171,0.9700917335230321,13.727325035155395,1,0.4378698224852071,0.4979762832440899,28.62170675288612,26.248809496813376,3.605551275463989,1.807047876430324,2.0,6.800566625070175,6.947593063377501,19.51714101884881,61.11269837220809,0.8654970760233918,0.5766666969284415,12.828958988189697,1.635000086389482,42.76955811679363,0.010833334177732468,0.2461349070072174,0.0,0.045027077198028564,0.01602961935720783,0.39162601958625876,0.0133333345875144,0.37591060996055603,0.0133333345875144,0.39129921793937683,0.011089744171700798,0.2467107497728788,0.011047297881010014,0.28898350078914614,0.010833334177732468,0.3065505921840668,0.009166667237877846,0.08922078460454941,0.009166667237877846,0.08922078460454941,0.0008576337225788217,0.07238309096306808,0.0007126694932071276,0.0676966327518762,0.011666666716337204,0.3471055030822754,716.6748216120768,716.6731613315928,272.61060144538123,272.2029766464732,0.0,0.0,716.6756756756756,272.5945945945946,0,716.0,718.0,277.0,275.0,0.0,0.0,84.60468071911042,17.878149771446246,7,0.0,0.0,58.96212449883684,11,6,0.0,0.0,1.0,0.0,nan,1,nan,0.0,0,0.0,0.0
1,7,135,322,738,295,724,272,730.7185185185185,283.6592592592593,1.9623893783010624,153,0.9715768346068199,13.110581167104948,1,0.4192546583850932,0.5095828641641699,27.38794382936499,25.059928172283335,3.605551275463989,1.7558051521440687,1.4142135623730951,6.209975702012414,6.483395316477815,26.538411236686162,57.698484809834994,0.8823529411764706,0.546666688285768,12.13527587801218,1.4991667326539755,38.64643060415983,0.010833334177732468,0.2483709678053856,0.0008333325386047363,0.045027077198028564,0.05371269274505338,1.4794523553668881,0.011666666716337204,0.35157766938209534,0.012500000186264515,0.3876603841781616,0.011156463026240165,0.24765869138800367,0.011104938760399818,0.2862698563271099,0.010833334177732468,0.31466156244277954,0.009166667237877846,0.06852667033672333,0.009166667237877846,0.06852667033672333,0.0005787309691513471,0.08650943054574815,0.0006481184681023563,0.08340761578555039,0.011666666716337204,0.35157766938209534,730.697609787337,730.084023921884,283.6097832213995,282.32277286627124,0.0,0.0,730.7185185185185,283.6592592592593,0,726.0,728.0,278.0,277.0,0.0,0.0,78.1337427667186,17.878149771446246,6,0.0,0.0,59.98271706094112,11,7,0.0,0.0,1.0,0.0,nan,1,nan,0.0,0,0.0,0.0
1,8,181,364,1123,319,1097,305,1109.364640883978,311.1491712707182,1.816858106456273,202,0.9648427198313341,15.180789096653193,1,0.49725274725274726,0.5504007145337673,29.961871782726558,26.92582403567252,4.0,2.0179873859971176,2.0,7.309199015206963,7.874817035996526,-70.80989099837586,64.2842712474619,0.8960396039603961,0.5900000361725688,1.917690984904766,1.9150001183152199,6.219870982691646,0.010000000707805157,0.03244392201304436,0.0008333325386047363,0.0008333325386047363,0.04192689007497557,0.016243450233673313,0.012500000186264515,0.039721567183732986,0.012500000186264515,0.039721567183732986,0.010535714931653015,0.03424448187329939,0.010580111150912817,0.034363928081169316,0.010833334177732468,0.03244392201304436,0.009166667237877846,0.03161058947443962,0.008333333767950535,0.027971765026450157,0.000729014672683891,0.002322516411185867,0.0007284010033333971,0.0024540682620102583,0.010833334177732468,0.03608274459838867,1109.3376849404692,1109.353435809948,311.11705832596203,311.137411339108,0.0,0.0,1109.364640883978,311.1491712707182,0,1106.0,1102.0,312.0,314.0,0.0,0.0,7.662130333289305,176.7907991038199,12,0.0,0.0,189.80668556642016,10,8,0.0,0.0,nan,0.0,nan,1,nan,0.0,0,0.0,0.0
1,9,122,252,677,316,659,302,667.4508196721312,308.3524590163934,1.4120132194202084,130,0.9401652550202917,12.463355264843006,1,0.48412698412698413,0.7082086670623476,21.51152367277144,19.4164878389476,3.605551275463989,1.9187496637262627,2.0,6.559297999321455,7.329380297699212,53.02577309423835,46.526911934581186,0.9384615384615385,7.892565727233887,1.5909741334617138,27.730827376246452,5.473049867898226,0.23411059379577637,0.04055490344762802,0.0,0.0036388225853443146,0.1015046335623783,0.08637200368062863,0.23411059379577637,0.052304707467556,0.23411059379577637,0.052304707467556,0.2133125872225375,0.042999300904370645,0.22730186373972502,0.04486106449096906,0.23411059379577637,0.044193726032972336,0.13319411873817444,0.03608274459838867,0.13319411873817444,0.03608274459838867,0.030374533670809608,0.00403439368114795,0.019437751376168187,0.0038333969886213347,0.23411059379577637,0.04783254861831665,667.5495266248946,667.5080214376857,308.3287919905814,308.28774363153593,0.0,0.0,667.4508196721312,308.3524590163934,0,672.0,670.0,313.0,310.0,0.0,0.0,74.61753117352302,22.07913838878717,11,1.0,8.333333333333334,60.84169061241999,6,9,0.0,0.0,1.0,0.0,nan,1,nan,0.0,0,0.0,0.0
1,10,205,725,936,338,907,313,920.0682926829269,325.05853658536586,2.4110819401668375,235,0.9837910627627703,16.15593100600236,1,0.2827586206896552,0.41475156167060995,39.36464705710533,35.608987629529715,3.605551275463989,1.8673515380878116,1.4142135623730951,6.895550825723107,7.058811700896914,50.43812362868976,78.8111831820431,0.8723404255319149,0.6550000356510282,13.685389518737793,2.1866667894646525,54.30378767848015,0.010000000707805157,0.22991295158863068,0.0008333325386047363,0.03608274459838867,0.03879152376408171,0.5149743972194066,0.012500000186264515,0.3227725625038147,0.012500000186264515,0.3471055030822754,0.010737705502475872,0.22435064784816053,0.010666667265681232,0.26489652526087876,0.010833334177732468,0.27857881784439087,0.009166667237877846,0.12083137035369873,0.008333333767950535,0.12083137035369873,0.0007252024900479515,0.0623089056622313,0.0008039534820571308,0.05651686607186328,0.010833334177732468,0.310189425945282,920.104801813729,920.5518003441013,325.0716463406655,325.235790559587,0.0,0.0,920.0682926829269,325.05853658536586,0,913.0,924.0,316.0,328.0,0.0,0.0,149.98861040744228,27.72402134626692,12,0.0,0.970873786407767,128.6033823467674,4,10,0.0,0.0,nan,0.0,nan,1,nan,0.0,0,0.0,0.0
1,11,127,260,695,329,675,316,684.7007874015748,322.13385826771656,1.6214773079413403,142,0.952710210743411,12.716187407449045,1,0.48846153846153845,0.6167215508366379,23.191443059699804,21.470910553583888,3.605551275463989,1.8508693999525438,2.0,6.260990336999411,7.047423346664781,62.422022467300316,50.87005768508881,0.8943661971830986,8.32881484925747,1.8139149099588394,27.555966705083847,5.547715354710817,0.2270272634923458,0.04055490344762802,0.0,0.0036388225853443146,0.39594433873184,0.16048816259624524,0.23411059379577637,0.048665884882211685,0.23411059379577637,0.052304707467556,0.193693368587383,0.04218406767346138,0.21697611578806178,0.043682798068589115,0.23411059379577637,0.044193726032972336,0.08841647952795029,0.03244392201304436,0.08841647952795029,0.03244392201304436,0.047231232020483835,0.004466254044478696,0.03530010269151033,0.004139704954455477,0.23411059379577637,0.04783254861831665,684.4344723927163,684.6180521120061,321.84085957244554,321.9963398246134,0.0,0.0,684.7007874015748,322.13385826771656,0,688.0,686.0,323.0,322.0,0.0,0.0,84.21786450368442,22.07913838878717,9,1.0,6.451612903225806,58.96212449883684,6,11,0.0,0.0,1.0,0.0,nan,1,nan,0.0,0,0.0,0.0
1,12,191,720,951,360,921,336,936.3507853403141,347.4973821989529,2.626422694374214,219,0.9870042004447324,15.594510349620345,1,0.2652777777777778,0.3807460246753105,39.4822179466355,35.608987629529715,3.605551275463989,1.7587001535542477,1.4142135623730951,6.063390625908324,6.34457354877479,52.35911060521448,79.39696961967,0.8721461187214612,0.6658333707600832,12.725182980298996,2.053333447314799,45.62895619869232,0.010000000707805157,0.18208040297031403,0.0008333325386047363,0.0523047149181366,0.009561324801606043,1.190657231555715,0.012500000186264515,0.33899450302124023,0.012500000186264515,0.33899450302124023,0.010739247915485212,0.20524488677901606,0.01075043689693612,0.23889505863189697,0.010833334177732468,0.2578847110271454,0.008333333767950535,0.06405451148748398,0.008333333767950535,0.06405451148748398,0.0008212132951918486,0.08395157793043,0.0007700912534404311,0.07056383814753134,0.011666666716337204,0.3020784258842468,936.3510552042857,935.6455798510433,347.48782468330296,346.5380335339941,0.0,0.0,936.3507853403141,347.4973821989529,0,943.0,931.0,353.0,341.0,0.0,0.0,24.81952382516325,27.72402134626692,10,0.0,0.970873786407767,153.23903366700193,4,12,0.0,0.0,1.0,0.0,nan,1,nan,0.0,0,0.0,0.0
1,13,138,216,1353,449,1345,422,1347.9927536231885,435.45652173913044,2.1678349770902976,160,0.9812814343802501,13.255453865237978,1,0.6388888888888888,0.461289724802861,31.106579600727553,26.68332812825267,3.0,1.7050220163746885,2.0,5.449565924243644,5.990480074362691,7.348758768666473,61.31370849898476,0.8625,0.6275000358000398,39.93866020441055,1.4966667499393225,95.47554069757462,0.010000000707805157,0.6942110061645508,0.0008333325386047363,0.0,0.08238092453829512,0.04381902774908696,0.012500000186264515,0.6942110061645508,0.0133333345875144,0.6942110061645508,0.010818966134483445,0.6885975897312164,0.010845411231444366,0.6918517441853232,0.010833334177732468,0.6942110061645508,0.009166667237877846,0.6139345169067383,0.009166667237877846,0.6139345169067383,0.0007173841484531472,0.01841331099792277,0.0007769933033030264,0.012254659825853558,0.011666666716337204,0.6942110061645508,1348.001670371955,1347.9969242192224,435.53841867630894,435.5001418413953,0.0,0.0,1347.9927536231885,435.45652173913044,0,1348.0,1347.0,439.0,428.0,0.0,0.0,61.59781132734056,8.169345101713152,14,2.0,16.666666666666668,27.342629322760352,15,13,0.0,0.0,1.0,0.0,nan,1,nan,0.0,0,0.0,0.0
1,14,100,147,1360,447,1353,426,1356.13,436.18,1.781410942447411,111,0.9703154514453359,11.283791670955125,1,0.6802721088435374,0.5613527884959205,23.269340335439754,20.615528128088304,3.0,1.6363618401021467,1.4142135623730951,5.091168824543142,5.62752168840571,9.196178293708856,47.31370849898476,0.9009009009009009,0.4450000301003456,16.690396636724472,1.0175000671297312,38.93509238958359,0.010000000707805157,0.34263333678245544,0.0008333334699273109,0.05147135257720947,0.014989327418184518,0.2617749746827723,0.011666666716337204,0.5048529505729675,0.011666666716337204,0.5048529505729675,0.010113637047735128,0.37932719628919254,0.010175000671297311,0.38935092389583587,0.010000000707805157,0.4030490219593048,0.008333333767950535,0.27494001388549805,0.008333333767950535,0.27494001388549805,0.0008062044693037005,0.08388420326326787,0.0007480994364087556,0.06338737796552989,0.010833334177732468,0.44443726539611816,1356.1285831301925,1355.9482273515841,436.1949222121818,436.3683742064562,0.0,0.0,1356.13,436.18,0,1357.0,1355.0,433.0,441.0,0.0,0.0,101.36972401942703,8.169345101713152,13,2.0,7.6923076923076925,24.532853467215283,15,14,0.0,0.0,1.0,0.0,nan,1,nan,0.0,0,0.0,0.0
1,15,115,138,1362,472,1356,449,1358.817391304348,460.5652173913044,1.8048543989468948,124,0.9732637471552612,12.100518486599809,1,0.8333333333333334,0.5540613140780136,25.668353000231832,22.20360331117452,3.0,1.7225476542899967,2.0,5.0,5.89577419091928,-0.985369445658425,51.071067811865476,0.9274193548387096,0.509166699834168,17.253998696804047,1.1858334140852094,42.151901468634605,0.010000000707805157,0.293891079723835,0.0008333334699273109,0.0707627385854721,0.035420060924911664,0.703251373107776,0.011666666716337204,0.49310314655303955,0.012500000186264515,0.49310314655303955,0.010391157139472815,0.3521224223837561,0.010311594905088777,0.3665382736403009,0.010000000707805157,0.37773001194000244,0.009166667237877846,0.16502510011196136,0.008333333767950535,0.16502510011196136,0.0006542646859750868,0.10677382855504909,0.0006903481291395627,0.08516775262774026,0.010833334177732468,0.4372359737753868,1358.8151792055135,1358.5634404897235,460.52986647427707,459.9094190400335,0.0,0.0,1358.817391304348,460.5652173913044,0,1358.0,1357.0,458.0,458.0,0.0,0.0,119.80305428698315,11.374944272245392,16,2.0,12.962962962962964,24.532853467215283,14,15,0.0,0.0,nan,0.0,nan,1,nan,0.0,0,0.0,0.0
1,16,203,324,1354,485,1345,449,1349.6256157635469,467.26600985221677,2.444694321345209,244,0.98309928861553,16.07692842495848,1,0.6265432098765432,0.409049095123575,39.69263935344081,35.22782990761707,4.0,1.8777293635267234,2.0,7.481179134141449,7.26665765355883,-3.3404038329385553,78.97056274847714,0.8319672131147541,0.7966667087748647,45.39304418861866,2.1983334543183446,130.4915024638176,0.010000000707805157,0.6942110061645508,0.0008333325386047363,0.0,0.09013427813215169,1.0860910362537683,0.012500000186264515,0.6942110061645508,0.012500000186264515,0.6942110061645508,0.010765766334795469,0.6134195160624143,0.010829228839006624,0.6428152830729931,0.010833334177732468,0.6942110061645508,0.009166667237877846,0.14516431093215942,0.009166667237877846,0.14516431093215942,0.0007840941892077502,0.15617996932225658,0.0007187072104458454,0.12557979323834859,0.011666666716337204,0.6942110061645508,1349.6239575492523,1349.7082287997528,467.17589082858825,466.18306533596507,0.0,0.0,1349.6256157635469,467.26600985221677,0,1351.0,1352.0,456.0,459.0,0.0,0.0,42.09002497427544,11.374944272245392,15,2.0,17.441860465116278,31.75920374989806,14,16,0.0,0.0,1.0,0.0,nan,1,nan,0.0,0,0.0,0.0
1,17,147,286,782,497,769,475,775.6598639455782,485.4829931972789,1.6648206029546688,164,0.9565700820418582,13.680870333281758,1,0.513986013986014,0.6006653198700406,25.80869074689063,23.259406699226016,3.605551275463989,1.9240927385785136,2.0,7.056422850727971,7.523296574556553,22.017341623022105,55.45584412271571,0.8963414634146342,9.934172481298447,2.0066062957048416,32.83170522749424,6.399979285895824,0.23411059379577637,0.04055490344762802,0.0,0.0036388225853443146,0.3758139249968437,0.14781864956440346,0.23411059379577637,0.048665884882211685,0.23411059379577637,0.052304707467556,0.20696192669371763,0.0418042978271842,0.22334493352036897,0.04353727405371309,0.23411059379577637,0.044193726032972336,0.08258314430713654,0.03608274459838867,0.08258314430713654,0.03608274459838867,0.04643223712035287,0.0031422036612876133,0.03096783212552214,0.003495418072577103,0.23411059379577637,0.04783254861831665,775.5780586875112,775.6468231787413,485.11619079001565,485.3357509086545,0.0,0.0,775.6598639455782,485.4829931972789,0,775.0,775.0,489.0,480.0,0.0,0.0,5.480720155069532,145.5565336961061,20,0.0,0.0,147.6149137873365,21,17,0.0,0.0,1.0,0.0,nan,1,nan,0.0,0,0.0,0.0
1,18,103,204,207,519,195,502,200.55339805825244,509.8349514563107,1.4589798441882202,113,0.9434979505961608,11.451797811161432,1,0.5049019607843137,0.6854104283780578,19.908409674520577,18.35755975068582,3.605551275463989,1.776813428232671,1.4142135623730951,6.10170215847752,6.597216140477502,31.364016190634985,43.4558441227157,0.911504424778761,8.230092763900757,1.553752575069666,23.915502548217773,4.573481239378452,0.23411059379577637,0.04055490344762802,0.0,0.0036388225853443146,0.038921890977176535,0.014189956108147541,0.23411059379577637,0.04783254861831665,0.23411059379577637,0.048665884882211685,0.22861368788613212,0.04315979375193516,0.2321893451283279,0.04440273047940245,0.23411059379577637,0.044193726032972336,0.1921384483575821,0.03608274459838867,0.1921384483575821,0.03608274459838867,0.011257868515326588,0.002716421163474657,0.007153115675031523,0.003027218064319236,0.23411059379577637,0.04783254861831665,200.5855661383416,200.56456800552544,509.85686328463737,509.84370286375577,0.0,0.0,200.55339805825244,509.8349514563107,0,197.0,204.0,509.0,513.0,0.0,0.0,41.081161044905976,20.004013627189142,19,1.0,9.25925925925926,304.9240515967103,22,18,0.0,0.0,1.0,0.0,nan,1,nan,0.0,0,0.0,0.0
1,19,114,162,213,538,204,520,208.43859649122808,528.219298245614,1.3601661615116258,121,0.9255719799922091,12.047792665040703,1,0.7037037037037037,0.7352042921643089,19.66930559992241,18.384776310850235,4.0,1.9277161986387459,2.0,6.957010852370434,7.446241882386088,15.327938018033553,44.142135623730944,0.9421487603305785,8.608758695423603,1.6972502171993256,25.662470914423466,5.10494476929307,0.23411059379577637,0.04055490344762802,0.0,0.0036388225853443146,0.32462598399796533,0.1233546069688369,0.23411059379577637,0.04783254861831665,0.23411059379577637,0.055943530052900314,0.21521896738559007,0.04243125542998314,0.22510939398617075,0.044780217274500614,0.23411059379577637,0.044193726032972336,0.11122196167707443,0.039721567183732986,0.11122196167707443,0.039721567183732986,0.036427644786842975,0.0024191303195464113,0.025240890359971985,0.0034274898738262845,0.23411059379577637,0.04783254861831665,208.3649343856157,208.40343667710079,527.9031401780538,528.1010605759357,0.0,0.0,208.43859649122808,528.219298245614,0,205.0,206.0,522.0,524.0,0.0,0.0,136.32211720682136,20.004013627189142,18,1.0,8.0,290.1433660051649,22,19,0.0,0.0,1.0,0.0,nan,1,nan,0.0,0,0.0,0.0
1,20,67,100,733,629,723,619,727.6119402985074,622.8805970149253,1.079104174197558,70,0.8391783570709885,9.23618154310838,1,0.67,0.926694589744886,12.581785277148688,12.041594578792296,3.605551275463989,1.7657821611282216,1.4142135623730951,6.363961030678928,6.842683303595155,51.23916938174611,30.14213562373095,0.9571428571428572,5.187793962657452,1.1137874647974968,14.642606370151043,2.9383133724331856,0.2220272570848465,0.04055490344762802,0.0,0.0036388225853443146,0.15763446026027392,0.0659162619368714,0.23411059379577637,0.048665884882211685,0.23411059379577637,0.048665884882211685,0.19953053702528661,0.04283797941528834,0.21854636373359765,0.04385542346915202,0.23411059379577637,0.044193726032972336,0.11872196942567825,0.03608274459838867,0.11872196942567825,0.03608274459838867,0.03861069968805912,0.0033029782899299835,0.030075255786023304,0.0033265518175678243,0.23411059379577637,0.04783254861831665,727.6787009089957,727.6225692470983,622.7377977013808,622.815543352157,0.0,0.0,727.6119402985074,622.8805970149253,0,728.0,725.0,620.0,620.0,0.0,0.0,95.60459510934831,14.166540578994637,21,1.0,5.714285714285714,145.5565336961061,17,20,0.0,0.0,1.0,0.0,nan,1,nan,0.0,0,0.0,0.0
1,21,69,96,747,633,735,625,740.463768115942,628.8405797101449,1.047825792336759,73,0.8350677616570036,9.373021315815206,1,0.71875,0.9543571148118976,12.631994552346022,11.704699910719626,3.605551275463989,1.7794749007731063,1.4142135623730951,6.324555320336759,6.949455190885564,73.0095442896309,30.14213562373095,0.9452054794520548,4.647211968898773,1.1076486334204674,14.201051890850067,3.011617675423622,0.17982599511742592,0.04055490344762802,0.0,0.0036388225853443146,0.3779116413547062,0.14632946431607274,0.23411059379577637,0.048665884882211685,0.23411059379577637,0.052304707467556,0.17873892188072205,0.04260187051617182,0.20581234624420386,0.043646632977153946,0.23411059379577637,0.044193726032972336,0.08758314698934555,0.03608274459838867,0.08758314698934555,0.03608274459838867,0.054966735721413335,0.003640506739595619,0.044391767222982714,0.003976438803416384,0.23411059379577637,0.04783254861831665,740.2441011412332,740.3756224851068,628.5330677121779,628.7237779126772,0.0,0.0,740.463768115942,628.8405797101449,0,743.0,738.0,630.0,626.0,0.0,0.0,78.91468473558223,14.166540578994637,20,1.0,5.555555555555555,147.6149137873365,17,21,0.0,0.0,1.0,0.0,nan,1,nan,0.0,0,0.0,0.0
1,22,138,266,483,652,469,633,475.30434782608694,642.0869565217391,1.4580599147991191,151,0.9367845201122341,13.255453865237978,1,0.518796992481203,0.685842872333386,22.59430077313332,20.591260281974,3.605551275463989,1.989281484752903,2.0,7.102973271761837,7.905899294241728,29.451229641613434,50.284271247461895,0.9139072847682119,9.568839877843857,1.9059411957859993,32.04345688223839,6.587365228682756,0.23411059379577637,0.044193726032972336,0.0,0.0036388225853443146,0.078163608116403,0.16550498419651322,0.23411059379577637,0.055943530052900314,0.23411059379577637,0.055943530052900314,0.22782952090104422,0.04537955228061903,0.23219896291477093,0.04773453064262867,0.23411059379577637,0.04783254861831665,0.1634996235370636,0.03608274459838867,0.1634996235370636,0.03608274459838867,0.016721348663869543,0.004085528047387192,0.009666927020727183,0.004316169388497069,0.23411059379577637,0.052304707467556,475.2678838675032,475.2392293293376,642.0178194885501,641.9348004138269,0.0,0.0,475.30434782608694,642.0869565217391,0,476.0,477.0,648.0,645.0,0.0,0.0,77.4774052768196,205.51593483704227,27,0.0,0.0,209.20606268452227,23,22,0.0,0.0,1.0,0.0,nan,1,nan,0.0,0,0.0,0.0
1,23,82,140,660,759,646,749,652.2682926829268,753.670731707317,1.2033372343528081,91,0.8615103553278167,10.217907939900583,1,0.5857142857142857,0.8310222367031057,14.451178294235783,13.341664064126334,3.605551275463989,1.82707374537454,1.4142135623730951,6.516946235415336,7.337441268010953,61.214716475980765,35.21320343559643,0.9010989010989011,5.770792759954929,1.2402298115193844,17.973265625536442,3.6250243484973907,0.23077726364135742,0.04055490344762802,0.0,0.0036388225853443146,0.1910006222089735,0.06906848844963841,0.23411059379577637,0.04783254861831665,0.23411059379577637,0.052304707467556,0.1989928537915493,0.04276654522480636,0.21918616616507855,0.04420761400606574,0.23411059379577637,0.044193726032972336,0.12122196704149246,0.03608274459838867,0.12122196704149246,0.03244392201304436,0.0408782336183044,0.00310091157052658,0.03019793630705436,0.0035143949767591264,0.23411059379577637,0.04783254861831665,652.4324963453179,652.2595112167912,753.573169445445,753.6022237373484,0.0,0.0,652.2682926829268,753.670731707317,0,656.0,655.0,755.0,756.0,0.0,0.0,71.88922442784617,14.833590257369904,24,1.0,9.523809523809524,74.98942744075131,26,23,0.0,0.0,1.0,0.0,nan,1,nan,0.0,0,0.0,0.0
1,24,76,120,671,767,659,757,664.7763157894736,761.6447368421053,1.098141607772163,82,0.8447162855814957,9.83698151873187,1,0.6333333333333333,0.9106293695844325,13.481426893939126,12.206555615733702,3.605551275463989,1.8259397360943581,1.4142135623730951,6.379052256590135,7.215453087118318,55.65117012336865,32.384776310850235,0.926829268292683,4.742517426609993,1.1266760788857937,15.451076991856098,3.2706411965191364,0.18016628921031952,0.039721567183732986,0.0,0.0036388225853443146,0.4882091969291732,0.13568193595916953,0.23411059379577637,0.052304707467556,0.23411059379577637,0.052304707467556,0.1756487935781479,0.041728743662436805,0.2033036446296855,0.04303475258577811,0.23411059379577637,0.04055490344762802,0.08091647922992706,0.03608274459838867,0.08091647922992706,0.03608274459838867,0.056957230614383604,0.003646213164901389,0.04670068033836326,0.003867977752779525,0.23411059379577637,0.04783254861831665,664.5361750597247,664.7023142778896,761.2196713766981,761.5310118930884,0.0,0.0,664.7763157894736,761.6447368421053,0,665.0,667.0,760.0,760.0,0.0,0.0,96.78281781997514,14.833590257369904,23,1.0,12.820512820512821,71.77661429256449,26,24,0.0,0.0,1.0,0.0,nan,1,nan,0.0,0,0.0,0.0
1,25,236,585,1170,823,1131,808,1150.3771186440679,814.1864406779661,2.763335044977015,279,0.9870549224703461,17.334489682638438,1,0.40341880341880343,0.3618815611294496,44.73939955781652,39.84971769034255,3.1622776601683795,1.863680682219353,2.0,7.162229586938918,7.175421452863511,72.66956783701595,90.5269119345812,0.8458781362007168,0.8441667221486568,21.38712617009878,2.4766668267548084,74.72781879454851,0.010000000707805157,0.2181631326675415,0.0008333325386047363,0.09202626347541809,0.01360205635790978,0.516682367596497,0.012500000186264515,0.45982590317726135,0.012500000186264515,0.4679368734359741,0.01042181138455132,0.26403859469257757,0.010494350960825459,0.3166432999769005,0.010833334177732468,0.3434666693210602,0.008333333767950535,0.08922078460454941,0.008333333767950535,0.08922078460454941,0.0007066635106510107,0.13195235046161055,0.0006752386606844568,0.112816075557155,0.010833334177732468,0.4237431585788727,1150.3637281224464,1150.554795219742,814.1840511449846,813.7012688491859,0.0,0.0,1150.3771186440679,814.1864406779661,0,1137.0,1160.0,813.0,816.0,0.0,0.0,111.50021589709014,307.3940811191736,36,0.0,0.0,360.2927412901409,28,25,0.0,0.0,1.0,0.0,nan,1,nan,0.0,0,0.0,0.0
1,26,159,442,643,840,626,814,633.6100628930818,826.3018867924528,2.115352011082303,180,0.9775781484433268,14.228319915326999,1,0.3597285067873303,0.4727345589580421,31.45963534175718,28.178005607210743,3.1622776601683795,1.7879358856699927,1.4142135623730951,5.935988128035616,6.624547951994506,31.003234188074316,65.01219330881975,0.8833333333333333,11.691668562591076,2.2429635524749756,36.216308794915676,7.053413011133671,0.23411059379577637,0.04055490344762802,0.0,0.0036388225853443146,0.3594439483030734,0.17994402228092632,0.23411059379577637,0.048665884882211685,0.23411059379577637,0.052304707467556,0.22059752004888822,0.04232006702782973,0.22777552701204828,0.04436108812033755,0.23411059379577637,0.044193726032972336,0.09508314728736877,0.03608274459838867,0.09508314728736877,0.03608274459838867,0.03494903827630527,0.003528037016983706,0.023692150901149484,0.003690964684387997,0.23411059379577637,0.04783254861831665,633.4480054286604,633.5337675705536,825.9810483125334,826.1389178539555,0.0,0.0,633.6100628930818,826.3018867924528,0,626.0,633.0,817.0,823.0,0.0,0.0,11.327957752178655,71.77661429256449,24,0.0,0.0,74.98942744075131,23,26,0.0,0.0,1.0,0.0,nan,1,nan,0.0,0,0.0,0.0
1,27,98,176,412,844,401,828,405.98979591836735,835.5612244897959,1.3403014385277947,108,0.917507282052239,11.170383851240114,1,0.5568181818181818,0.7461008182595205,17.853398186688747,16.55294535724685,3.605551275463989,1.8234398104387708,1.4142135623730951,6.260990336999411,7.100635323725164,27.404640699631525,40.62741699796952,0.9074074074074074,7.49631667137146,1.532530602067709,22.36347821354866,4.630258128046989,0.23411059379577637,0.044193726032972336,0.0,0.0036388225853443146,0.18073858899401998,0.08609165908670295,0.23411059379577637,0.052304707467556,0.23411059379577637,0.055943530052900314,0.22047990209916057,0.045074429472579676,0.22819875728110878,0.047247531918846834,0.23411059379577637,0.04783254861831665,0.13736079633235931,0.039721567183732986,0.13736079633235931,0.039721567183732986,0.02953068707723003,0.0029940703436852913,0.01945694003795715,0.0035656713622633316,0.23411059379577637,0.048665884882211685,405.93562806699543,405.9666331307857,835.3887939779098,835.4783073080074,0.0,0.0,405.98979591836735,835.5612244897959,0,405.0,405.0,839.0,834.0,0.0,0.0,92.21369057576864,54.50660919345206,29,0.0,0.0,205.51593483704227,22,27,0.0,0.0,1.0,0.0,nan,1,nan,0.0,0,0.0,0.0
1,28,233,612,800,865,783,829,791.5450643776824,846.5965665236051,2.468292690589509,270,0.982298138661186,17.22396045987371,1,0.380718954248366,0.4051383386632188,40.694087770242646,36.40054944640259,4.0,1.9693728078377541,2.0,7.091168559049116,7.622988617757765,-20.310381113723494,85.01219330881976,0.8629629629629629,0.809166700579226,23.075960010290146,2.5658334586769342,91.20035748183727,0.010833334177732468,0.33990421146154404,0.0008333325386047363,0.05048529803752899,0.07192835593926539,0.26192713975475673,0.012500000186264515,0.45618703961372375,0.012500000186264515,0.5121305584907532,0.011084475350400356,0.3161090412368513,0.011012160766853796,0.39141784326968787,0.010833334177732468,0.41927099227905273,0.009166667237877846,0.14963647723197937,0.009166667237877846,0.14963647723197937,0.0008005528550215516,0.08755531989786516,0.0007510727076341851,0.08462692630233237,0.011666666716337204,0.45618703961372375,791.5690159006022,791.2985780022865,846.5287431283941,846.5079646427881,0.0,0.0,791.5450643776824,846.5965665236051,0,798.0,789.0,830.0,853.0,0.0,0.0,102.27957662398967,36.60143942631682,30,1.0,8.080808080808081,152.60120898883804,24,28,0.0,0.0,nan,0.0,nan,1,nan,0.0,0,0.0,0.0
1,29,276,1188,474,872,438,839,456.55434782608694,855.9130434782609,3.056059152650157,346,0.9891769166380685,18.746042631630413,1,0.23232323232323232,0.3272187971665466,52.21449426663593,45.45327270945405,3.605551275463989,1.901627035510846,2.0,7.956043623371248,7.661314366204889,-46.728167650337156,102.95331880577403,0.7976878612716763,0.9133333684876561,33.429237082600594,3.111666793935001,140.06542865931988,0.010833334177732468,0.40752118825912476,0.0008333325386047363,0.09285962581634521,0.09208868463823837,0.34170614802201216,0.0133333345875144,0.6463784575462341,0.0133333345875144,0.6942110061645508,0.011275720598613039,0.41270663064939006,0.011274155050489133,0.5074834371714488,0.011666666716337204,0.5454078316688538,0.010000000707805157,0.22544078528881073,0.009166667237877846,0.22544078528881073,0.0007300900852808797,0.14068593631704868,0.0007385191676368162,0.12925076041466899,0.011666666716337204,0.6220455169677734,456.47616500786484,456.5003041029223,855.9617032437068,855.5756381321524,0.0,0.0,456.55434782608694,855.9130434782609,0,444.0,462.0,865.0,849.0,0.0,0.0,148.58122369726848,54.50660919345206,27,0.0,0.0,179.51475381749643,26,29,0.0,0.0,nan,0.0,nan,1,nan,0.0,0,0.0,0.0
1,30,225,468,785,899,772,863,778.1022222222222,880.64,2.428862334764695,262,0.9841446418038862,16.925687506432688,1,0.4807692307692308,0.41171538859442136,40.859991041459175,36.138621999185304,3.605551275463989,1.9256511837551156,2.0,6.790997501017324,7.247245282908606,-13.582094126485131,82.87005768508881,0.8587786259541985,0.8125000493600965,23.273429073393345,2.4741667909547687,85.26287061721087,0.010833334177732468,0.34284166991710663,0.0008333325386047363,0.05048529803752899,0.038849234565273214,1.3588938937669894,0.012500000186264515,0.448076069355011,0.012500000186264515,0.5040196180343628,0.010833333991467953,0.3103123876452446,0.01099629684868786,0.3789460916320483,0.010833334177732468,0.41116002202033997,0.009166667237877846,0.10013725608587265,0.009166667237877846,0.10013725608587265,0.0005931708321057736,0.09520135043061723,0.0006880717438637645,0.094367757104122,0.011666666716337204,0.44443726539611816,778.1044122572093,778.2390164146946,880.6012125436118,879.2880088892958,0.0,0.0,778.1022222222222,880.64,0,777.0,779.0,884.0,873.0,0.0,0.0,90.93833034679078,36.60143942631682,28,1.0,4.25531914893617,154.37167698303304,26,30,0.0,0.0,1.0,0.0,nan,1,nan,0.0,0,0.0,0.0
1,31,182,660,167,911,137,889,151.93406593406593,900.1098901098901,2.602791288388521,214,0.9851280056188582,15.222667215103916,1,0.27575757575757576,0.38420291494794995,37.975930098481044,34.40930106817051,3.1622776601683795,1.7300338194857583,1.4142135623730951,6.534707165841513,6.525101682689282,-56.42344547810271,77.15432893255071,0.8504672897196262,0.624166707508266,20.584361627697945,1.8825001241639256,67.21171844005585,0.010000000707805157,0.3353556990623474,0.0008333334699273109,0.04419374465942383,0.04428307276522861,1.4071141123503765,0.011666666716337204,0.48052000999450684,0.012500000186264515,0.48052000999450684,0.010232241106692885,0.3374485512737368,0.010343407275625965,0.36929515626404313,0.010000000707805157,0.38318824768066406,0.009166667237877846,0.1415254920721054,0.008333333767950535,0.1415254920721054,0.0007257171803787196,0.08577685253245039,0.0006991114562827309,0.07344668848419135,0.010833334177732468,0.4237431436777115,151.89729971173077,150.755050833729,900.1345728048145,900.877935367901,0.0,0.0,151.93406593406593,900.1098901098901,0,141.0,144.0,907.0,907.0,0.0,0.0,16.684771204815,14.08367940860795,32,2.0,8.080808080808081,33.72401142884551,34,31,0.0,0.0,nan,0.0,nan,1,nan,0.0,0,0.0,0.0
1,32,72,187,155,919,138,908,145.63888888888889,912.7083333333334,1.8805243336509487,82,0.9734315256806483,9.574614729634384,1,0.3850267379679144,0.5317665834499187,20.14260047005309,18.35755975068582,2.23606797749979,1.422254310213063,1.4142135623730951,4.093146241443879,4.612218542530707,-59.29214267172708,41.248737341529164,0.8780487804878049,0.357500022277236,14.399683982133865,0.7658333759754896,32.27406162023544,0.010000000707805157,0.3840215802192688,0.0008333325386047363,0.06769335269927979,0.06830324716285616,0.3015776982300223,0.011666666716337204,0.5616298317909241,0.012500000186264515,0.5616298317909241,0.010514706537565765,0.42352011712158427,0.010636574666326245,0.4482508558366034,0.010833334177732468,0.45982590317726135,0.009166667237877846,0.25060704350471497,0.009166667237877846,0.25060704350471497,0.0007005688076643069,0.09268782702594686,0.0008157052166652153,0.07693299505513783,0.010833334177732468,0.5202416181564331,145.57453754948062,145.33731391311312,912.7312295926207,912.7070519061738,0.0,0.0,145.63888888888889,912.7083333333334,0,140.0,145.0,915.0,911.0,0.0,0.0,152.01386378030028,14.08367940860795,31,2.0,15.686274509803921,20.633352174068733,34,32,0.0,0.0,nan,0.0,nan,1,nan,0.0,0,0.0,0.0
1,33,158,588,137,932,109,911,121.89240506329114,920.6582278481013,2.677486918192671,192,0.9865013227502971,14.183506197980657,1,0.2687074829931973,0.37348455120557955,36.38358619475516,32.449961479175904,2.8284271247461903,1.6355704711494807,1.4142135623730951,5.908921348812847,5.957931966506702,-53.05873471025634,72.91168824543142,0.8229166666666666,0.6066667074337602,22.319361105561256,1.6475001079961658,63.47747312486172,0.010000000707805157,0.36696627736091614,0.0008333325386047363,0.04419374465942383,0.11281322193285157,1.0345956008687878,0.011666666716337204,0.5202416181564331,0.011666666716337204,0.5202416181564331,0.010459770817823451,0.3848165707855389,0.010427215873393455,0.4017561590181121,0.010833334177732468,0.4119933545589447,0.009166667237877846,0.20558001101016998,0.009166667237877846,0.20558001101016998,0.0006596689430361926,0.08322324360098547,0.0006999681869939619,0.06843569039698541,0.010833334177732468,0.4517149031162262,121.98431967812662,122.74212265557918,920.5928174007514,920.0680007132682,0.0,0.0,121.89240506329114,920.6582278481013,0,119.0,129.0,924.0,918.0,0.0,0.0,48.595675547795125,8.021658921951804,34,2.0,4.3478260869565215,25.04189123998651,32,33,0.0,0.0,1.0,0.0,nan,1,nan,0.0,0,0.0,0.0
1,34,78,192,137,931,121,919,128.83333333333334,924.6794871794872,1.803244583595685,88,0.9688920946846896,9.965574970333758,1,0.40625,0.5545559427141001,20.146300719933645,18.601075237738275,2.8284271247461903,1.481170519741442,1.4142135623730951,4.437601569801833,4.985878075952132,-56.635592634919874,42.04163056034262,0.8863636363636364,0.3675000248476863,18.9120551943779,0.8283333871513605,45.46657022833824,0.010000000707805157,0.4967419505119324,0.0,0.08922082185745239,0.05501328154386961,0.20499590077193047,0.012500000186264515,0.6942110061645508,0.012500000186264515,0.6942110061645508,0.010500000709933894,0.5403444341250828,0.010619658809632827,0.582904746517157,0.010833334177732468,0.6049901843070984,0.009166667237877846,0.38318824768066406,0.009166667237877846,0.38318824768066406,0.0006666666029819707,0.11225279607164208,0.0007115736513664534,0.09758004670102514,0.010833334177732468,0.6824612021446228,128.7837022256089,128.86626043034855,924.7032193157642,924.4771529865898,0.0,0.0,128.83333333333334,924.6794871794872,0,133.0,126.0,922.0,925.0,0.0,0.0,114.45041146526493,8.021658921951804,33,2.0,5.769230769230769,20.633352174068733,32,34,0.0,0.0,1.0,0.0,nan,1,nan,0.0,0,0.0,0.0
1,35,153,189,153,1096,146,1069,148.79738562091504,1081.5098039215686,1.918118999851467,171,0.9732345246357845,13.957279475043833,1,0.8095238095238095,0.521344087659544,29.53983646682701,26.1725046566048,3.605551275463989,1.8532099834393791,2.0,6.0,6.788673470276345,0.09282046982982073,60.72792206135786,0.8947368421052632,0.5675000376068056,14.717761799693108,1.5216667703352869,44.71013778448105,0.009166667237877846,0.2578847110271454,0.0,0.04419374465942383,0.017615483623657564,0.43334529860324333,0.011666666716337204,0.35885530710220337,0.011666666716337204,0.3714384436607361,0.009956141010645712,0.258206347363037,0.009945534446635863,0.29222312277438595,0.010000000707805157,0.3065505921840668,0.007500000763684511,0.13705334067344666,0.007500000763684511,0.13705334067344666,0.0007224648342783654,0.060713042950032284,0.0006848898837635503,0.05857679613832029,0.010000000707805157,0.3434666693210602,148.7831325322995,148.6051518649346,1081.4994523647672,1081.898177879093,0.0,0.0,148.79738562091504,1081.5098039215686,0,146.0,148.0,1076.0,1088.0,0.0,0.0,2.2411519001703697,158.09589378969613,34,0.0,0.0,163.08619654687075,33,35,0.0,0.0,nan,0.0,nan,1,nan,0.0,0,0.0,0.0
1,36,97,160,1297,1094,1281,1084,1288.3092783505156,1088.8969072164948,1.3379927651134234,105,0.9202820508728369,11.11324596323283,1,0.60625,0.7473881967629539,17.803229720173768,17.0,3.605551275463989,1.8290897060107643,2.0,6.640783086353597,6.965613378658467,-65.83030353851316,40.384776310850235,0.9238095238095239,0.3641666891053319,18.228760808706284,1.0266667269170284,59.91917046904564,0.010000000707805157,0.5697408318519592,0.0008333325386047363,0.0,0.06355554332565692,0.22010121281986256,0.011666666716337204,0.6942110061645508,0.012500000186264515,0.6942110061645508,0.010404762545866626,0.5208217373916081,0.010584193061000294,0.6177234068973777,0.010833334177732468,0.6942110061645508,0.008333333767950535,0.26599571108818054,0.008333333767950535,0.26599571108818054,0.000853829518417324,0.14800192842324106,0.0009125958929725901,0.12066241653974334,0.010833334177732468,0.6942110061645508,1288.3149350636038,1288.2993238682066,1088.833603909437,1088.6770312237927,0.0,0.0,1288.3092783505156,1088.8969072164948,0,1288.0,1285.0,1090.0,1087.0,0.0,0.0,41.13440972912645,307.3940811191736,25,0.0,0.0,551.0736607083297,30,36,0.0,0.0,nan,0.0,nan,1,nan,0.0,0,0.0,0.0
2,1,134,336,556,23,535,7,544.723880597015,14.880597014925373,1.819719160973522,150,0.9637498364548813,13.061933202803933,1,0.39880952380952384,0.5495353466877907,25.472358823104788,23.600847442411894,3.605551275463989,1.8150694362758593,1.4142135623730951,6.65640235470275,6.796216886364153,54.72531106835622,55.35533905932738,0.8933333333333333,0.4650000287219882,10.21797352284193,1.3733334206044674,34.73807668685913,0.010000000707805157,0.21369098126888275,0.0008333334699273109,0.03972157835960388,0.02372367084186638,1.1336879453321909,0.012500000186264515,0.32724469900131226,0.012500000186264515,0.33899450302124023,0.010333333971599738,0.22706607828537623,0.010248756870182592,0.25923937826014276,0.010000000707805157,0.2830509841442108,0.009166667237877846,0.08838745206594467,0.008333333767950535,0.08838745206594467,0.0008498364894857116,0.07652213748081343,0.0007953393591869789,0.06820987985197823,0.010833334177732468,0.31466156244277954,544.7166262082083,543.942096942959,14.858009708727987,14.059583814274848,0.0,0.0,544.723880597015,14.880597014925373,0,541.0,539.0,16.0,11.0,0.0,0.0,3.06253031480908,124.2963071362879,2,0.0,0.0,153.61490723656806,3,1,0.0,0.0,1.0,0.0,nan,1,nan,0.0,0,0.0,0.0
2,2,217,684,636,125,600,106,617.184331797235,115.87096774193549,2.8295748803402736,254,0.9872218544446459,16.622063085174787,1,0.3172514619883041,0.35340997933927937,42.96584678506081,38.91015291668744,3.1622776601683795,1.789599309748703,2.0,6.5110286613369555,6.846686903526608,64.60271852022139,87.84062043356595,0.8543307086614174,0.773333384655416,12.667878188192844,2.2333334842696786,40.20701578259468,0.010000000707805157,0.16138628125190735,0.0008333334699273109,0.027138426899909973,0.05372202328435436,0.9968787812966574,0.012500000186264515,0.23802392184734344,0.012500000186264515,0.25060704350471497,0.010311111795405547,0.16890504250923793,0.010291859374514647,0.18528578701656534,0.010000000707805157,0.1901913732290268,0.009166667237877846,0.09285961091518402,0.008333333767950535,0.09285961091518402,0.0007171617206546549,0.04236240118377656,0.0006960279841384039,0.037792610487507476,0.010833334177732468,0.21369098126888275,617.2376865496104,618.1527057472808,115.87723880123382,116.107651491847,0.0,0.0,617.184331797235,115.87096774193549,0,619.0,629.0,115.0,120.0,0.0,0.0,164.24968735007607,30.234398916256172,3,0.0,0.9433962264150944,124.2963071362879,1,2,0.0,0.0,1.0,0.0,nan,1,nan,0.0,0,0.0,0.0
2,3,196,561,658,144,625,127,640.8163265306123,134.7295918367347,2.4972309044320036,229,0.9832849490753925,15.797308339337176,1,0.3493761140819964,0.400443546580027,37.700076683358716,34.539832078341085,3.1622776601683795,1.8162221614272624,2.0,6.748219138295787,6.864179685773447,65.94230209496514,78.42640687119285,0.8558951965065502,0.6908333757892251,11.525591112673283,2.0491667948663235,38.40296144783497,0.010000000707805157,0.1532752960920334,0.0008333334699273109,0.03608274459838867,0.041729841819486406,0.7260907694486775,0.011666666716337204,0.27494001388549805,0.012500000186264515,0.27494001388549805,0.010467172360442804,0.1746301683738376,0.010454932626868998,0.1959334767746682,0.010000000707805157,0.21005216240882874,0.008333333767950535,0.0802764743566513,0.008333333767950535,0.0802764743566513,0.0007415174114655837,0.06364533490788053,0.0007255722660839736,0.05099040584359868,0.010833334177732468,0.24166274070739746,640.7840585539572,640.3935570193044,134.70313134957246,134.13927518798843,0.0,0.0,640.8163265306123,134.7295918367347,0,649.0,630.0,137.0,129.0,0.0,0.0,12.687782335114695,30.234398916256172,2,0.0,1.0526315789473684,153.61490723656806,1,3,0.0,0.0,1.0,0.0,nan,1,nan,0.0,0,0.0,0.0
2,4,72,98,242,197,228,190,234.77777777777777,192.84722222222223,1.1838440727207271,77,0.9087326749259719,9.574614729634384,1,0.7346938775510204,0.8447058384148395,14.81516815909462,13.601470508735444,3.0,1.7066503430185271,1.4142135623730951,5.578319375835658,6.183534673608959,76.07188129584425,32.72792206135785,0.935064935064935,5.880431234836578,1.1339537166059017,15.710881724953651,2.8569811582565308,0.20797178149223328,0.039721567183732986,0.0,0.0008333362638950348,0.08975810960483549,0.06910789694867049,0.23411059379577637,0.044193726032972336,0.23411059379577637,0.04783254861831665,0.20277349085643373,0.03910185229675523,0.21820669062435627,0.03968029386467404,0.23411059379577637,0.039721567183732986,0.1440274566411972,0.03244392201304436,0.1440274566411972,0.03244392201304436,0.031054792858082405,0.0022501245006597945,0.025387658079006257,0.0026776563156914656,0.23411059379577637,0.04055490344762802,234.76102959727604,234.72902096430394,192.75904049684948,192.79824595694458,0.0,0.0,234.77777777777777,192.84722222222223,0,231.0,236.0,191.0,192.0,0.0,0.0,122.75191804919724,322.36311178685867,17,0.0,0.0,357.4055208590203,1,4,0.0,0.0,1.0,0.0,nan,1,nan,0.0,0,0.0,0.0
2,5,172,462,931,204,910,182,920.2267441860465,192.28488372093022,1.8856274298490812,196,0.9665750025848239,14.798554040663838,1,0.3722943722943723,0.5303274571477975,30.185972335858274,26.40075756488817,3.605551275463989,1.9477625510473433,2.0,7.0710678118654755,7.739200856591676,44.45250704342497,63.840620433565945,0.8775510204081632,9.925311386585236,1.9931898079812527,37.51316702365875,7.01838593184948,0.23411059379577637,0.039721567183732986,0.0,0.0008333362638950348,0.5379072327079217,0.18184247057598704,0.23411059379577637,0.04783254861831665,0.23411059379577637,0.048665884882211685,0.19461394875657326,0.03908215309767162,0.21809980827708578,0.0408045693712179,0.23411059379577637,0.04055490344762802,0.06644432246685028,0.03244392201304436,0.06644432246685028,0.03244392201304436,0.05127692168026522,0.003409913021606282,0.03698706525791607,0.0034819972469816254,0.23411059379577637,0.044193726032972336,919.9596846439903,920.1564476827821,191.81795397032934,192.11717836700862,0.0,0.0,920.2267441860465,192.28488372093022,0,921.0,922.0,195.0,195.0,0.0,0.0,3.788232605406041,130.14777053852302,11,0.0,0.0,151.97364333778145,12,5,0.0,0.0,1.0,0.0,nan,1,nan,0.0,0,0.0,0.0
2,6,161,392,739,285,725,257,731.1863354037267,270.1552795031056,2.187555042307095,192,0.9770393853258584,14.317526556719258,1,0.4107142857142857,0.4571313547134131,32.10941494380593,28.792360097775937,3.605551275463989,1.7859476232537805,2.0,6.748587248017024,6.8411924569756195,20.489695798520998,66.52691193458118,0.8385416666666666,0.612500031478703,14.005662098526955,1.7433334309607744,45.46082000434399,0.010000000707805157,0.243405781686306,0.0008333325386047363,0.04055491089820862,0.054166936364622345,0.36479567230983195,0.012500000186264515,0.3633274435997009,0.0133333345875144,0.36696627736091614,0.010745614587345667,0.24571337014959568,0.010828157956278102,0.2823653416418881,0.010833334177732468,0.2948007881641388,0.008333333767950535,0.11272039264440536,0.008333333767950535,0.11272039264440536,0.000806349636206031,0.063512528568659,0.0007459163258130785,0.058298190577368215,0.011666666716337204,0.33088353276252747,731.1940726594547,731.1621779367175,270.2088909931887,269.7912845864877,0.0,0.0,731.1863354037267,270.1552795031056,0,731.0,731.0,265.0,269.0,0.0,0.0,93.45165351299123,14.99332148492813,7,0.0,0.0,57.56121784974564,10,6,0.0,0.0,1.0,0.0,nan,1,nan,0.0,0,0.0,0.0
2,7,141,350,752,290,738,265,744.0283687943263,277.8936170212766,2.107822049742927,160,0.976177524884459,13.398760233979036,1,0.40285714285714286,0.474423350928491,29.117613034279486,26.832815729997478,3.1622776601683795,1.726898151533555,1.4142135623730951,5.813776741499453,6.317746399694073,26.0809641383611,61.11269837220809,0.88125,0.5516667012125254,13.310312435030937,1.5158334225416183,40.91039389371872,0.010000000707805157,0.26599571108818054,0.0008333325386047363,0.04055491089820862,0.04193955516355846,1.3235751879296787,0.011666666716337204,0.3633274435997009,0.012500000186264515,0.38318824768066406,0.010608975023317795,0.25596754682751804,0.010750591649231336,0.2901446375441044,0.010833334177732468,0.3110227584838867,0.009166667237877846,0.08922078460454941,0.009166667237877846,0.08922078460454941,0.0006140140865457352,0.07683149958686916,0.0006531198965943601,0.0740801449809644,0.010833334177732468,0.3498346284031868,744.0395822056906,743.4412492507695,277.93402971350184,276.7073868919692,0.0,0.0,744.0283687943263,277.8936170212766,0,743.0,741.0,277.0,272.0,0.0,0.0,72.18959677007872,14.99332148492813,6,0.0,0.0,60.34909788124446,10,7,0.0,0.0,1.0,0.0,nan,1,nan,0.0,0,0.0,0.0
2,8,126,285,691,311,672,296,680.9603174603175,303.5,1.5752019546648925,141,0.949924552915125,12.666024736934256,1,0.4421052631578947,0.6348392325431943,22.847735059327935,20.808652046684813,3.605551275463989,1.8831661068579217,2.0,6.4,7.13944538541613,53.66771774628838,49.94112549695428,0.8936170212765957,8.699758306145668,1.7199164889752865,28.76599171757698,5.573714975267649,0.23411059379577637,0.04055490344762802,0.0,0.0036388225853443146,0.12159962489213376,0.07359802928717384,0.23411059379577637,0.048665884882211685,0.23411059379577637,0.052304707467556,0.2174939576536417,0.042997912224382165,0.22830152156807126,0.04423583313704483,0.23411059379577637,0.044193726032972336,0.13736079633235931,0.03244392201304436,0.13736079633235931,0.03244392201304436,0.025418763107204072,0.0037829918435436185,0.016510656285444653,0.0034786297632335276,0.23411059379577637,0.04783254861831665,681.081146960786,680.9987092037804,303.5136638424477,303.43720872712845,0.0,0.0,680.9603174603175,303.5,0,675.0,682.0,296.0,302.0,0.0,0.0,72.23342754492084,22.5410797688996,10,1.0,6.451612903225806,60.28700741841213,6,8,0.0,0.0,1.0,0.0,nan,1,nan,0.0,0,0.0,0.0
2,9,174,338,1137,313,1111,300,1123.3620689655172,306.3045977011494,1.8077093542677445,196,0.9655884535559236,14.884343478431232,1,0.514792899408284,0.5531862728038345,29.530558915701235,26.570660511172846,4.0,1.982211632170603,2.0,7.264866175160175,7.680156291123948,-71.48760553317825,62.8700576850888,0.8877551020408163,0.5675000390037894,1.896691370755434,1.8058334551751614,5.934014521539211,0.010000000707805157,0.03244392201304436,0.0008333325386047363,0.0008333325386047363,0.04794117808575223,0.006021146918596118,0.012500000186264515,0.039721567183732986,0.012500000186264515,0.039721567183732986,0.010318182527341626,0.0344852976500988,0.010378353190661847,0.03410353173298397,0.010833334177732468,0.03244392201304436,0.008333333767950535,0.03161058947443962,0.008333333767950535,0.027971765026450157,0.0008179012194985051,0.002350692783253456,0.0007343845294091844,0.0026625526787286786,0.010833334177732468,0.03608274459838867,1123.390862941631,1123.3594613052312,306.26626672808834,306.3100248844012,0.0,0.0,1123.3620689655172,306.3045977011494,0,1123.0,1121.0,308.0,310.0,0.0,0.0,6.782671645018599,178.48557340562874,12,0.0,0.0,188.1195478363487,11,9,14.81208580750291,14.81208580750291,2.0,14.81208580750291,nan,2,1.0,1.0,8,13.997428081539283,-4.844573569568809
2,10,126,260,709,325,689,312,698.563492063492,317.57936507936506,1.596922763827607,137,0.9538416844509869,12.666024736934256,1,0.4846153846153846,0.6262043616957002,23.29217758001249,21.02379604162864,3.605551275463989,1.8411729712368334,2.0,6.50761527779367,6.994871712406571,62.632914531216095,50.2842712474619,0.9197080291970803,8.413370087742805,1.7811655104160309,27.651355266571045,5.4257451593875885,0.22869392484426498,0.04055490344762802,0.0,0.0036388225853443146,0.35510659526140165,0.14953605507330117,0.23411059379577637,0.055943530052900314,0.23411059379577637,0.055943530052900314,0.20031833542244776,0.04240870262895312,0.21945520052834164,0.04306146951894912,0.23411059379577637,0.044193726032972336,0.0934164747595787,0.03608274459838867,0.0934164747595787,0.03608274459838867,0.04159468841419235,0.004428756916349881,0.031000542797698687,0.003945480817813431,0.23411059379577637,0.04783254861831665,698.3101699813668,698.4874160298941,317.33051046979176,317.4506270939882,0.0,0.0,698.563492063492,317.57936507936506,0,700.0,694.0,319.0,312.0,0.0,0.0,85.87042366013924,22.5410797688996,8,1.0,6.451612903225806,57.56121784974564,6,10,0.0,0.0,1.0,0.0,nan,1,nan,0.0,0,0.0,0.0
2,11,216,924,954,336,921,308,935.8564814814815,321.49074074074076,2.976351817488156,254,0.9899373088668726,16.583719174624104,1,0.23376623376623376,0.33598178620023955,45.82484453351104,41.23105625617661,3.605551275463989,1.7576811687380238,1.4142135623730951,6.662098891778448,6.484519025433025,51.82550475361866,89.88225099390857,0.8503937007874016,0.733333382755518,16.465261571109295,2.2683334769681096,57.1026871278882,0.010000000707805157,0.23802392184734344,0.0008333325386047363,0.024332940578460693,0.0844252305622436,0.5613266552242457,0.0133333345875144,0.3345223665237427,0.0133333345875144,0.3345223665237427,0.010476191182221685,0.2352180224444185,0.01050154387485236,0.2643642922587417,0.010833334177732468,0.27857881784439087,0.009166667237877846,0.12447019666433334,0.008333333767950535,0.12447019666433334,0.0007914652403457361,0.055355130657586,0.0007810760591008318,0.04750028014428169,0.010833334177732468,0.3020784258842468,935.9305657547175,936.3477134421964,321.53122703489805,321.7623632262559,0.0,0.0,935.8564814814815,321.49074074074076,0,949.0,944.0,329.0,328.0,0.0,0.0,154.9605790985321,23.72342242417395,12,0.0,0.0,130.14777053852302,5,11,0.0,0.0,1.0,0.0,nan,1,nan,0.0,0,0.0,0.0
2,12,207,884,965,355,931,329,948.4057971014493,341.6231884057971,3.089012816435277,251,0.9906450009173708,16.23454913941803,1,0.2341628959276018,0.3237280190873409,45.629797863056254,40.607881008493905,3.605551275463989,1.7099348130543421,1.4142135623730951,6.113823647313004,6.226834576394421,52.521718323725494,89.63961030678928,0.8247011952191236,0.7458333810791373,15.054784208536148,2.19083346799016,49.51761516928673,0.010000000707805157,0.1929204873740673,0.0008333325386047363,0.04419371485710144,0.020326285822249827,1.3009740277170891,0.011666666716337204,0.3434666693210602,0.012500000186264515,0.3434666693210602,0.010504695508156863,0.21203921420473448,0.010583736560338937,0.23921553221877645,0.010833334177732468,0.2587180435657501,0.009166667237877846,0.06488784402608871,0.008333333767950535,0.06488784402608871,0.0007059836416876016,0.07858941617135574,0.0007359114700185188,0.06494271589625542,0.010833334177732468,0.2911619544029236,948.404716643773,947.581640492334,341.60289085652295,340.6165607167054,0.0,0.0,948.4057971014493,341.6231884057971,0,956.0,942.0,345.0,334.0,0.0,0.0,21.251188296062,23.72342242417395,11,0.0,0.0,151.97364333778145,5,12,32.82380000246607,32.82380000246607,2.0,32.82380000246607,nan,2,1.0,1.0,10,28.33750441852237,16.564651820431266
2,13,116,225,1374,443,1365,418,1369.2844827586207,429.36206896551727,2.181001028795528,144,0.9778652588692784,12.153015559492998,1,0.5155555555555555,0.4585050565300542,27.59966796971672,24.331050121192877,3.0,1.592379472709701,1.4142135623730951,5.668723509707295,5.774833033966604,10.987495185669339,56.38477631085023,0.8055555555555556,0.5183333698660135,17.951320812106133,1.1683334140107036,41.750519290566444,0.010000000707805157,0.31830039620399475,0.0008333334699273109,0.04419374465942383,0.026927789930450363,0.3421719196350591,0.011666666716337204,0.4606592357158661,0.011666666716337204,0.4606592357158661,0.01016339940913752,0.35198668259031635,0.010071839775954342,0.35991826974626245,0.010000000707805157,0.3677996098995209,0.009166667237877846,0.2335517704486847,0.008333333767950535,0.2335517704486847,0.0006178977823831112,0.07464573331529455,0.0006795537094807242,0.05773560621589161,0.010833334177732468,0.41116002202033997,1369.286733239125,1369.1422314713013,429.3352353819318,429.6732701767018,0.0,0.0,1369.2844827586207,429.36206896551727,0,1368.0,1368.0,420.0,434.0,0.0,0.0,24.16276422512903,20.874023367090725,15,1.0,12.5,28.694204223552436,14,13,0.0,0.0,1.0,0.0,nan,1,nan,0.0,0,0.0,0.0
2,14,88,130,1375,471,1370,445,1371.8295454545455,457.9431818181818,2.7084784326629743,107,0.9902147449615012,10.585134856802455,1,0.676923076923077,0.36921098870143143,29.304595885427855,25.019992006393608,2.0,1.3672012329430088,1.0,3.6953836538480256,4.089514771479027,-2.1404689843441376,54.72792206135785,0.822429906542056,0.5208333674818277,18.201927721500397,0.900833391584456,31.59835009276867,0.010000000707805157,0.3227725625038147,0.0008333334699273109,0.04419374465942383,0.05174015681424825,0.8775918220817122,0.012500000186264515,0.48415881395339966,0.012500000186264515,0.48415881395339966,0.010212418970231917,0.35690054355883133,0.010236743086187,0.3590721601450985,0.010000000707805157,0.3714384436607361,0.008333333767950535,0.16138628125190735,0.008333333767950535,0.16138628125190735,0.000838921407977261,0.07910294839065697,0.0007739123560710708,0.0710534326182993,0.010833334177732468,0.41116002202033997,1371.8353376525904,1371.7471524618759,457.89176689555256,457.0694663033009,0.0,0.0,1371.8295454545455,457.9431818181818,0,1371.0,1370.0,470.0,455.0,0.0,0.0,41.52539199313916,12.88836727742527,15,0.0,1.694915254237288,28.694204223552436,13,14,0.0,0.0,1.0,0.0,nan,1,nan,0.0,0,0.0,0.0
2,15,311,558,1367,480,1358,418,1362.4630225080386,449.09003215434086,4.614026029229234,458,0.9947445894114116,19.899183360445615,1,0.557347670250896,0.21673046351822345,71.73947333810806,61.032778078668514,3.1622776601683795,1.718529268870936,2.0,7.5078500446836784,7.345225915130582,2.1134683423912626,134.28427124746187,0.6790393013100436,1.3308334155008197,82.38369657099247,3.315000196918845,208.02861090004444,0.010000000707805157,0.6942110061645508,0.0008333325386047363,0.0,0.03870737621135472,0.9366025184764476,0.011666666716337204,0.6942110061645508,0.012500000186264515,0.6942110061645508,0.01056216996429222,0.6538388616745434,0.01065916462031783,0.6689022858522329,0.010833334177732468,0.6942110061645508,0.009166667237877846,0.14880314469337463,0.009166667237877846,0.14880314469337463,0.0006790301106523956,0.11602365481157817,0.0006903204134589983,0.0911373389079862,0.010833334177732468,0.6942110061645508,1362.4879336292363,1362.496271207567,449.119658106036,448.1540199740803,0.0,0.0,1362.4630225080386,449.09003215434086,0,1363.0,1359.0,447.0,420.0,0.0,0.0,114.3118437817318,12.88836727742527,14,1.0,6.896551724137931,20.874023367090725,13,15,12.04036972422147,12.04036972422147,2.0,12.04036972422147,nan,2,1.0,1.0,15,3.6456312036907548,-11.475185236963512
2,16,150,312,796,494,783,470,789.4733333333334,481.1333333333333,1.766150440470956,171,0.9628234641922457,13.81976597885342,1,0.4807692307692308,0.5662031824046332,27.160864693198544,24.698178070456937,3.605551275463989,1.8904983681408942,2.0,6.870727512550919,7.337002582495,22.396134685074667,57.698484809834994,0.8771929824561403,10.428754806518555,2.016383945941925,33.61381458491087,6.357146739959717,0.23411059379577637,0.04055490344762802,0.0,0.0008333362638950348,0.42352329824318463,0.07539136926040138,0.23411059379577637,0.048665884882211685,0.23411059379577637,0.052304707467556,0.21283173074527661,0.041150692774325,0.22409209723273912,0.04238097826639811,0.23411059379577637,0.04055490344762802,0.07227765023708344,0.03244392201304436,0.07227765023708344,0.03244392201304436,0.043304258486206434,0.003037228825185253,0.03042466540760136,0.003270894825657548,0.23411059379577637,0.044193726032972336,789.3669903465883,789.476612386211,480.7233782707656,481.05801330697125,0.0,0.0,789.4733333333334,481.1333333333333,0,786.0,792.0,472.0,488.0,0.0,0.0,5.52786898157956,145.0401037261381,18,0.0,0.0,147.27203570485173,19,16,0.0,0.0,1.0,0.0,nan,1,nan,0.0,0,0.0,0.0
2,17,226,684,227,535,209,497,218.5353982300885,514.8008849557522,2.8420203398785167,283,0.9867799023056911,16.96325844612841,1,0.3304093567251462,0.35186236564469675,45.053514310908376,39.92492955535426,3.605551275463989,1.8292924546441287,2.0,7.200958763011977,7.301647861107551,22.802114276784536,89.84062043356593,0.7985865724381626,17.28843382000923,3.250169452279806,51.81702411174774,9.79031304270029,0.23411059379577637,0.04055490344762802,0.0,0.0036388225853443146,0.3055321690488382,0.016924548942674186,0.23411059379577637,0.048665884882211685,0.23411059379577637,0.048665884882211685,0.22452511454557444,0.04220999288675073,0.2292788677510962,0.04331996921548801,0.23411059379577637,0.044193726032972336,0.11455529928207397,0.03608274459838867,0.11455529928207397,0.03608274459838867,0.023901805077055045,0.0028036293738689213,0.017309515509836563,0.0031669725920886894,0.23411059379577637,0.044193726032972336,218.4509249324773,218.5265804357801,514.5072624628904,514.7864389576749,0.0,0.0,218.5353982300885,514.8008849557522,0,218.0,213.0,520.0,504.0,0.0,0.0,111.46295006370596,296.4722126659165,20,0.0,0.0,322.36311178685867,4,17,0.0,0.0,1.0,0.0,nan,1,nan,0.0,0,0.0,0.0
2,18,75,121,747,624,736,613,741.32,617.9466666666667,1.0728908003630184,79,0.8513859193911747,9.772050238058398,1,0.6198347107438017,0.9320613054577823,13.566489400422219,12.206555615733702,3.605551275463989,1.8099657027010698,1.4142135623730951,6.363961030678928,7.1161638240314415,49.8112928862036,31.798989873223327,0.9493670886075949,5.288710415363312,1.0967321656644344,16.63368520140648,3.2541137598454952,0.2322355955839157,0.04055490344762802,0.0,0.0036388225853443146,0.12777277192432407,0.07413432806461662,0.23411059379577637,0.04783254861831665,0.23411059379577637,0.048665884882211685,0.20341193905243507,0.04218200637170902,0.2217824693520864,0.0433881834646066,0.23411059379577637,0.044193726032972336,0.1348607987165451,0.03608274459838867,0.1348607987165451,0.03608274459838867,0.03647799074328043,0.0032727771691476518,0.026177486338063344,0.003331770444796041,0.23411059379577637,0.04783254861831665,741.3890890903646,741.3462313161772,617.8391837431959,617.8773282455049,0.0,0.0,741.32,617.9466666666667,0,746.0,739.0,621.0,616.0,0.0,0.0,96.2234240462907,14.270803279948458,19,1.0,7.5,145.0401037261381,16,18,0.0,0.0,1.0,0.0,nan,1,nan,0.0,0,0.0,0.0
2,19,69,91,761,628,748,621,754.1884057971015,624.1159420289855,1.088948724285411,73,0.8582613344751279,9.373021315815206,1,0.7582417582417582,0.9183168846230286,13.0763731781396,12.165525060596439,3.605551275463989,1.7704152138153886,1.4142135623730951,6.0,6.710963413211438,77.64947930431994,30.727922061357855,0.9452054794520548,5.113544136285782,1.1266760788857937,14.67518949508667,2.9540074691176414,0.19846481829881668,0.04055490344762802,0.0,0.0036388225853443146,0.2707406967468823,0.12166637907102594,0.23411059379577637,0.048665884882211685,0.23411059379577637,0.048665884882211685,0.18939052356614006,0.041728743662436805,0.21268390572589377,0.04281170245098031,0.23411059379577637,0.044193726032972336,0.10872196406126022,0.03244392201304436,0.10872196406126022,0.03244392201304436,0.04405376720967316,0.004589015959383456,0.03584665343225892,0.004152053858476811,0.23411059379577637,0.04783254861831665,754.0052052810463,754.1202771361295,623.9165978648068,624.0151392842291,0.0,0.0,754.1884057971015,624.1159420289855,0,752.0,754.0,625.0,622.0,0.0,0.0,78.24870697212968,14.270803279948458,18,1.0,8.571428571428571,147.27203570485173,16,19,0.0,0.0,1.0,0.0,nan,1,nan,0.0,0,0.0,0.0
2,20,136,285,497,647,482,628,488.63235294117646,637.0441176470588,1.563892357705222,149,0.9473222992532735,13.159049284959082,1,0.47719298245614034,0.6394301980395571,23.5129423621569,21.095023109728988,3.605551275463989,1.9326366145290725,2.0,6.701872450265123,7.530768601540151,29.894015346153978,51.69848480983499,0.912751677852349,10.054255530238152,1.9336074814200401,31.826540753245354,6.344258174300194,0.23411059379577637,0.044193726032972336,0.0,0.0008333362638950348,0.004052583930130107,0.09000500030492749,0.23411059379577637,0.052304707467556,0.23411059379577637,0.055943530052900314,0.23381989605205003,0.04496761584697768,0.23401868200915701,0.046648957163972014,0.23411059379577637,0.04783254861831665,0.22411058843135834,0.039721567183732986,0.22411058843135834,0.03608274459838867,0.0015448065484709107,0.0030437692777848645,0.0008790921025193018,0.0033604625716423028,0.23411059379577637,0.048665884882211685,488.6300876745858,488.59529247657576,637.0407572893719,636.9620967835942,0.0,0.0,488.63235294117646,637.0441176470588,0,487.0,489.0,628.0,634.0,0.0,0.0,16.417328081469783,205.27109270172932,25,0.0,0.0,206.62140160394463,27,20,0.0,0.0,1.0,0.0,nan,1,nan,0.0,0,0.0,0.0
2,21,84,140,673,754,659,744,665.452380952381,748.5952380952381,1.2140942293639523,91,0.8903812391509363,10.341765891652821,1,0.6,0.8236592974532846,15.430442657784779,13.92838827718412,3.605551275463989,1.794845176514271,1.4142135623730951,6.260990336999411,7.024178322634743,60.98051199454663,35.79898987322333,0.9230769230769231,6.099458694458008,1.264257274568081,18.591042160987854,3.5852196738123894,0.23077726364135742,0.04055490344762802,0.0,0.0008333362638950348,0.17497431783003387,0.06519333047598931,0.23411059379577637,0.048665884882211685,0.23411059379577637,0.048665884882211685,0.20331528981526692,0.04214190915226936,0.22132193048795065,0.042681186593004634,0.23411059379577637,0.04055490344762802,0.12622196972370148,0.03608274459838867,0.12622196972370148,0.03608274459838867,0.033968504142662115,0.003114857057623487,0.025554463217983533,0.0030374142577189655,0.23411059379577637,0.044193726032972336,665.6252310287913,665.5159679351149,748.5680560610053,748.5808552594485,0.0,0.0,665.452380952381,748.5952380952381,0,663.0,665.0,749.0,749.0,0.0,0.0,72.20100347425019,15.508990472868566,22,1.0,6.818181818181818,75.18303887308043,24,21,0.0,0.0,1.0,0.0,nan,1,nan,0.0,0,0.0,0.0
2,22,75,120,685,762,673,752,678.6133333333333,756.8,1.1534043692871552,81,0.8780411342781267,9.772050238058398,1,0.625,0.8669986230570945,14.176204100625103,13.038404810405298,3.605551275463989,1.7605566474977101,1.4142135623730951,6.10170215847752,6.784521072729366,57.10332100351673,32.97056274847714,0.9259259259259259,5.3665159568190575,1.1632866822183132,16.09424213320017,3.1961980760097504,0.20338843762874603,0.04055490344762802,0.0,0.0008333362638950348,0.32665551840106527,0.1353675221521886,0.23411059379577637,0.048665884882211685,0.23411059379577637,0.052304707467556,0.1916612841721092,0.04154595293636833,0.21458989510933557,0.04261597434679667,0.23411059379577637,0.04055490344762802,0.09591647982597351,0.03244392201304436,0.09591647982597351,0.03244392201304436,0.04306628065974986,0.003512572719853955,0.034070076573312125,0.0035625583121171706,0.23411059379577637,0.044193726032972336,678.4180471400531,678.527866866581,756.5381467387715,756.6950245308917,0.0,0.0,678.6133333333333,756.8,0,674.0,675.0,753.0,755.0,0.0,0.0,95.95965130825402,15.508990472868566,21,1.0,7.5,71.9733811054826,24,22,0.0,0.0,1.0,0.0,nan,1,nan,0.0,0,0.0,0.0
2,23,262,660,1185,818,1141,803,1162.996183206107,809.263358778626,2.963022967801748,318,0.9884663056162887,18.26441241104166,1,0.396969696969697,0.33749316521224776,49.350700185759784,44.14748010928823,4.0,1.895219512489454,2.0,7.744727635109872,7.473717135087822,73.84071663845542,98.76955262170048,0.8238993710691824,0.9025000585243106,22.50735814869404,2.681666844524443,81.54834732413292,0.010000000707805157,0.22544078528881073,0.0008333334699273109,0.07299882173538208,0.09937308222742582,0.4852885722140156,0.012500000186264515,0.44443726539611816,0.012500000186264515,0.4517149031162262,0.010255682483230803,0.2557654335078868,0.010235369635589478,0.311253234061576,0.010000000707805157,0.34263333678245544,0.008333333767950535,0.08922078460454941,0.008333333767950535,0.08922078460454941,0.0007678633461212724,0.11918632556917341,0.0007264452568818655,0.1023121162168731,0.010833334177732468,0.399410218000412,1162.9064636568487,1163.1838456981718,809.2206339386347,808.815823542702,0.0,0.0,1162.996183206107,809.263358778626,0,1143.0,1171.0,804.0,810.0,0.0,0.0,111.36395257750588,308.0426683829159,33,0.0,0.0,359.3143105965865,26,23,0.0,0.0,1.0,0.0,nan,1,nan,0.0,0,0.0,0.0
2,24,166,459,656,836,639,809,647.0843373493976,821.5,2.1905313918244684,186,0.9797046883723602,14.538148590038452,1,0.3616557734204793,0.4565102347915277,32.84800640069181,29.5296461204668,3.1622776601683795,1.7851626849921047,1.4142135623730951,6.002450479987809,6.584261705715875,30.568482886089,67.59797974644667,0.8924731182795699,12.578861117362976,2.3386286459863186,38.13449899852276,7.157411452382803,0.23411059379577637,0.04055490344762802,0.0,0.0036388225853443146,0.26394033545535156,0.06362139321863076,0.23411059379577637,0.04783254861831665,0.23411059379577637,0.048665884882211685,0.2246225199529103,0.04176122582118426,0.2297258975814624,0.04311693646013737,0.23411059379577637,0.044193726032972336,0.1128886267542839,0.03608274459838867,0.1128886267542839,0.03608274459838867,0.028268025148318436,0.0025308893621403894,0.018637350911887268,0.0031158674913190805,0.23411059379577637,0.044193726032972336,646.9664681637635,647.0678229730164,821.263840401935,821.4385593209037,0.0,0.0,647.0843373493976,821.5,0,650.0,647.0,831.0,819.0,0.0,0.0,11.839345217495767,71.9733811054826,22,0.0,0.0,75.18303887308043,21,24,0.0,0.0,1.0,0.0,nan,1,nan,0.0,0,0.0,0.0
2,25,100,160,425,839,415,823,419.63,830.37,1.2978529821600207,107,0.9163325196209323,11.283791670955125,1,0.625,0.7705032956319112,17.85749295062024,17.0,3.605551275463989,1.8669729913621809,2.0,6.708203932499369,7.150464706475277,26.524446105923523,40.384776310850235,0.9345794392523364,7.923621401190758,1.5232808031141758,23.13331000506878,4.612897343933582,0.23411059379577637,0.044193726032972336,0.0,0.0036388225853443146,0.06950967086456591,0.035277117625387606,0.23411059379577637,0.048665884882211685,0.23411059379577637,0.055943530052900314,0.2263891828911645,0.043522308660405025,0.2313331000506878,0.04612897343933582,0.23411059379577637,0.04783254861831665,0.17183294892311096,0.03608274459838867,0.17183294892311096,0.03608274459838867,0.01794985139274714,0.00309427164655488,0.011235395003416455,0.003649707786774789,0.23411059379577637,0.048665884882211685,419.610967087056,419.6201171855268,830.3031468581997,830.336135490465,0.0,0.0,419.63,830.37,0,416.0,418.0,825.0,830.0,0.0,0.0,22.133923400398626,51.24808113382757,28,0.0,0.0,58.82461863182737,27,25,0.0,0.0,1.0,0.0,nan,1,nan,0.0,0,0.0,0.0
2,26,244,600,814,865,799,825,805.2745901639345,843.0573770491803,2.7568931947711994,297,0.9857058340207776,17.625846048215095,1,0.4066666666666667,0.3627271458671768,44.90923301844228,40.52159917870962,3.605551275463989,1.8983095303731294,2.0,7.244252407130037,7.566107443586903,-15.697689331740408,91.94112549695429,0.8215488215488216,0.8866667142137885,26.950591906905174,2.6433334751054645,95.09454487264156,0.010000000707805157,0.34263333678245544,0.0008333325386047363,0.04783254861831665,0.07577292860481988,0.3768932466137774,0.012500000186264515,0.4760478436946869,0.014166668057441711,0.5048529505729675,0.01081300870992425,0.32866575496225825,0.010833333914366658,0.3897317412813179,0.010833334177732468,0.4119933545589447,0.009166667237877846,0.14880314469337463,0.009166667237877846,0.14880314469337463,0.0007473484293100904,0.087265139648144,0.0007430612166072955,0.07974449992767332,0.011666666716337204,0.448076069355011,805.2619798326157,804.9531874073949,843.1320932873979,843.2542241660803,0.0,0.0,805.2745901639345,843.0573770491803,0,804.0,802.0,845.0,854.0,0.0,0.0,100.2179523035729,34.027333556700505,29,0.0,0.0,153.24297399003967,22,26,0.0,0.0,1.0,0.0,nan,1,nan,0.0,0,0.0,0.0
2,27,136,340,487,852,467,835,477.00735294117646,843.3382352941177,1.7552121419219828,149,0.9651422663054201,13.159049284959082,1,0.4,0.5697317014369473,26.01234255757229,24.08318915758459,3.605551275463989,1.8182986981863638,1.4142135623730951,6.4,6.8081017325231885,-52.422158702363284,54.76955262170047,0.912751677852349,0.4875000221654773,18.892499923706055,1.5100000677630305,68.57633545994759,0.010833334177732468,0.436326265335083,0.0008333325386047363,0.07216542959213257,0.004281121027540522,0.5195582926031012,0.012500000186264515,0.6049901843070984,0.0133333345875144,0.6581282615661621,0.011079545958306302,0.4293749982660467,0.011102941674728166,0.5042377607349087,0.010833334177732468,0.5328247547149658,0.009166667237877846,0.2181631326675415,0.009166667237877846,0.2181631326675415,0.00078615572353637,0.11207916738943499,0.000762171908680702,0.10356633598402276,0.011666666716337204,0.5896015763282776,477.0115893967183,476.5111349975085,843.3388520936754,843.4922111746789,0.0,0.0,477.00735294117646,843.3382352941177,0,474.0,472.0,845.0,846.0,0.0,0.0,59.54534101837164,22.399301268919693,28,1.0,7.142857142857143,58.82461863182737,25,27,24.009398557770517,24.009398557770517,2.0,24.009398557770517,nan,2,1.0,1.0,29,20.453005115089525,-12.574808184143194
2,28,133,322,474,867,451,853,461.6766917293233,859.6691729323309,1.951658619789505,149,0.9706614096450032,13.013103375051497,1,0.41304347826086957,0.5123846915952209,26.66169976684374,24.596747752497688,3.1622776601683795,1.7519844413655048,1.4142135623730951,5.990542374288352,6.410818201280367,-64.10525916253152,57.112698372208094,0.8926174496644296,0.5350000243633986,20.883940041065216,1.4841667348518968,66.35664916038513,0.010833334177732468,0.41136835515499115,0.0008333325386047363,0.0748181939125061,0.06470098204996562,0.3053759637062016,0.0133333345875144,0.6337953209877014,0.0133333345875144,0.6463784575462341,0.011145833840904137,0.4350820841888587,0.011159148382345089,0.4989221741382341,0.010833334177732468,0.531005322933197,0.009166667237877846,0.2542458772659302,0.009166667237877846,0.2542458772659302,0.0008441140935102882,0.11902156826304408,0.0008035696668711025,0.10585071634193896,0.011666666716337204,0.5886918753385544,461.612015746642,461.7202125890296,859.670971360099,859.3669140797228,0.0,0.0,461.6766917293233,859.6691729323309,0,470.0,465.0,853.0,856.0,0.0,0.0,98.32073558122977,22.399301268919693,27,1.0,7.246376811594203,51.24808113382757,25,28,6.351922192435515,6.351922192435515,2.0,6.351922192435515,nan,2,1.0,1.0,29,5.122343903236356,3.756129454069992
2,29,239,440,797,894,786,854,791.4142259414226,874.1338912133891,2.6500282478836845,274,0.9870381358680171,17.44431859350499,1,0.5431818181818182,0.37735446812636847,44.45588340927641,39.6232255123179,3.605551275463989,1.9025525068159834,2.0,6.501553467174981,7.134541661917736,-8.426703769213848,89.21320343559643,0.8722627737226277,0.8916667141020298,26.360156871378422,2.580000137910247,88.89561768621206,0.010000000707805157,0.33514736592769623,0.0008333325386047363,0.043360382318496704,0.017385546328107918,1.4924301293489237,0.012500000186264515,0.448076069355011,0.0133333345875144,0.4768811762332916,0.0107429724590606,0.3175922514623906,0.010794979656528229,0.371948191155699,0.010833334177732468,0.39213255047798157,0.009166667237877846,0.10824823379516602,0.009166667237877846,0.10824823379516602,0.0008079676556360066,0.08403758351841778,0.0007820585492209973,0.0817899639260018,0.011666666716337204,0.42821529507637024,791.4305555536604,791.5743387890446,874.1398578695122,872.6500746590217,0.0,0.0,791.4142259414226,874.1338912133891,0,793.0,793.0,869.0,862.0,0.0,0.0,94.00145404640358,34.027333556700505,26,0.0,0.0,153.62761224874006,24,29,27.537635515181574,27.537635515181574,2.0,27.537635515181574,nan,2,1.0,1.0,28,-0.13083843625975078,27.537324689783986
2,30,70,176,168,914,152,903,159.11428571428573,907.7714285714286,1.8764220139389125,80,0.9736616496392662,9.440697438826296,1,0.3977272727272727,0.5329291558996575,20.045892334527135,18.027756377319946,2.23606797749979,1.407370868828112,1.4142135623730951,4.1159660434202126,4.570419141040684,-59.04473679863288,40.62741699796952,0.875,0.3550000237300992,13.711917012929916,0.7350000469014049,29.471217572689056,0.010000000707805157,0.3714384436607361,0.0008333334699273109,0.05230468511581421,0.03019364697955473,0.27029010002880427,0.011666666716337204,0.5166027545928955,0.012500000186264515,0.5166027545928955,0.01044117716853233,0.4032916768508799,0.01050000067002007,0.4210173938955579,0.010833334177732468,0.43185412883758545,0.009166667237877846,0.25060704350471497,0.009166667237877846,0.25060704350471497,0.0006142138625107866,0.07420284757407344,0.0006813850342643088,0.062815939775066,0.010833334177732468,0.4724090099334717,159.0850340259188,158.8447078610564,907.7789115551657,907.7910377331101,0.0,0.0,159.11428571428573,907.7714285714286,0,163.0,159.0,906.0,906.0,0.0,0.0,92.42868264849868,9.141503854368864,31,1.0,16.0,170.2269528542117,32,30,14.351283853022812,14.351283853022812,2.0,14.351283853022812,nan,2,1.0,1.0,32,13.475396825396842,-4.936904761904771
2,31,476,3100,183,931,121,881,149.9747899159664,907.5798319327731,7.573063600553054,773,0.9911266693321672,24.61832697999475,1,0.15354838709677418,0.13204695652192475,86.29353649389051,77.00649323271382,3.605551275463989,1.661398007854334,1.4142135623730951,12.670992623076302,11.470201447432574,-52.92184967792776,212.83556979968262,0.6157826649417852,1.7708334475755692,63.605054423213005,4.879166993312538,182.54588042199612,0.010000000707805157,0.31830039620399475,0.0008333334699273109,0.0612490177154541,0.04174345427256065,2.275678147347817,0.012500000186264515,0.6942110061645508,0.012500000186264515,0.6942110061645508,0.01029554329985796,0.3697968280419361,0.010250350826286845,0.38349974878570614,0.010000000707805157,0.36696627736091614,0.008333333767950535,0.13705334067344666,0.008333333767950535,0.13705334067344666,0.0007817521298517259,0.12116378114710957,0.0007267641578888581,0.11125054179022373,0.010833334177732468,0.4399650990962982,149.95234842794017,148.40104074415822,907.6150298814317,909.2236155482619,0.0,0.0,149.9747899159664,907.5798319327731,0,145.0,144.0,920.0,917.0,0.0,0.0,84.50709585745592,9.141503854368864,30,1.0,2.9411764705882355,170.8586174506342,32,31,7.7226157066344285,7.7226157066344285,2.0,7.7226157066344285,nan,2,1.0,1.0,31,-1.95927601809953,7.4699418228830154
2,32,172,256,167,1095,159,1063,162.76162790697674,1077.9593023255813,2.2383873726246115,205,0.9824860567994932,14.798554040663838,1,0.671875,0.44675019714190684,35.1997283491283,31.064449134018133,3.605551275463989,1.8214015537682224,2.0,6.674662404261554,6.558980671312744,0.8393974018511252,69.55634918610406,0.8390243902439024,0.6341667086817324,16.288264214992523,1.6833334458060563,47.0288223028183,0.009166667237877846,0.2335517704486847,0.0008333334699273109,0.04866588115692139,0.01549919321687154,0.737598643002506,0.011666666716337204,0.35521647334098816,0.011666666716337204,0.3714384436607361,0.009756410902795883,0.2505886802306542,0.009786822359337536,0.27342338548150175,0.010000000707805157,0.2822176516056061,0.007500000763684511,0.12083137035369873,0.007500000763684511,0.12083137035369873,0.0007268224719933855,0.06648847303348228,0.0006924058629966064,0.05981088783338242,0.010000000707805157,0.32724469900131226,162.76039603625645,162.57162778562844,1077.9747524869042,1078.6720096372085,0.0,0.0,162.76162790697674,1077.9593023255813,0,165.0,162.0,1083.0,1082.0,0.0,0.0,139.91886582051325,12.954439600763706,34,1.0,2.6315789473684212,170.2269528542117,30,32,0.0,0.0,1.0,0.0,nan,1,nan,0.0,0,0.0,0.0
2,33,99,160,1310,1090,1294,1080,1301.6969696969697,1084.3131313131314,1.2732070666200808,106,0.9126599607569923,11.227230955528665,1,0.61875,0.7854181980427191,17.566070045932683,16.55294535724685,3.605551275463989,1.8677202733413674,2.0,6.708203932499369,7.179598940875042,-65.7462318051937,39.798989873223334,0.9339622641509434,0.3450000211596489,17.91940486431122,1.0225000632926822,61.633698523044586,0.010000000707805157,0.5767337530851364,0.0008333334699273109,0.0,0.06088656723340118,0.2735519230937274,0.011666666716337204,0.6942110061645508,0.012500000186264515,0.6942110061645508,0.010147059445872027,0.5270413195385653,0.01032828346760285,0.6225626113438847,0.010000000707805157,0.6942110061645508,0.008333333767950535,0.2587180435657501,0.008333333767950535,0.2587180435657501,0.0007949643689125905,0.15340430361568722,0.0008104446957486745,0.12253534258314965,0.010833334177732468,0.6942110061645508,1301.729421350794,1301.770104235421,1084.2616137022246,1084.0495369393034,0.0,0.0,1301.6969696969697,1084.3131313131314,0,1303.0,1304.0,1084.0,1080.0,0.0,0.0,40.853156704732704,308.0426683829159,23,0.0,0.0,551.8729849735304,29,33,14.150663628260654,14.150663628260654,2.0,14.150663628260654,nan,2,1.0,1.0,36,13.387691346454176,-4.583775903363403
2,34,126,182,159,1101,152,1075,154.63492063492063,1088.047619047619,2.11723537468701,146,0.979032935087771,12.666024736934256,1,0.6923076923076923,0.4723140430939709,28.791627286323642,25.317977802344327,3.0,1.6689402027784728,2.0,5.443608794938222,5.864912570975542,4.247746101011043,57.89949493661167,0.863013698630137,0.537500036880374,14.142409950494766,1.2441667532548308,34.85351920127869,0.009166667237877846,0.24795431643724442,0.0,0.03161060810089111,0.01619502340881927,0.4268339075381506,0.010833334177732468,0.33899450302124023,0.010833334177732468,0.33899450302124023,0.009772727943279526,0.2571347263726321,0.009874339311546276,0.27661523175618,0.010000000707805157,0.2911619544029236,0.008333333767950535,0.1532752960920334,0.008333333767950535,0.1532752960920334,0.000663906239131987,0.049097544766251014,0.0006728178013964306,0.04549381530427609,0.010000000707805157,0.31466156244277954,154.62089752044562,154.62430354686902,1088.0395177487335,1087.6209172055026,0.0,0.0,154.63492063492063,1088.047619047619,0,153.0,156.0,1075.0,1083.0,0.0,0.0,37.43005193387662,12.954439600763706,32,1.0,4.838709677419355,180.33183181047636,30,34,8.764692901759592,8.764692901759592,2.0,8.764692901759592,nan,2,1.0,1.0,35,5.837535014005596,6.537815126050418
